Tempo(s),Tensao_Drone(N),Tensao_Rover(N),PosRoverX(m),PosRoverY(m),PosRoverZ(m),Angulo_EixoX_rover(graus),Angulo_EixoY_rover(graus),Angulo_EixoZ_rover(graus),PosDroneX(m),PosDroneY(m),PosDroneZ(m),Angulo_EixoX(graus),Angulo_EixoY(graus),Angulo_EixoZ(graus)
0.000,1.9670,112.5459,-0.5031,0.0005,0.3073,10.7685,-0.0664,10.7687,0.0914,0.0920,1.9905,0.0000,0.0000,0.0000
0.050,2.7993,4.5414,-0.5091,0.0008,0.3055,0.7161,0.1745,0.7370,0.0896,0.0919,1.9720,-9.1313,-0.6310,9.1524
0.100,7.1337,4.7264,-0.5151,0.0008,0.3038,-0.8319,-1.1486,1.4181,0.0924,0.0920,1.9577,-19.1587,0.4395,19.1630
0.150,13.3848,1.4376,-0.5210,0.0009,0.3023,-0.3342,0.2838,0.4385,0.1054,0.0921,1.9471,-22.3838,0.5372,22.3890
0.200,13.5969,2.9752,-0.5268,0.0009,0.3010,-0.1778,0.0980,0.2030,0.1294,0.0922,1.9372,-21.0660,0.4377,21.0698
0.250,9.6517,1.9457,-0.5327,0.0010,0.2998,0.0488,-0.0438,0.0656,0.1634,0.0923,1.9260,-15.7159,0.3691,15.7198
0.300,5.3988,1.8221,-0.5385,0.0011,0.2989,-0.0648,-0.0379,0.0751,0.2058,0.0923,1.9128,-6.5607,0.3444,6.5696
0.350,3.8870,3.0991,-0.5444,0.0011,0.2981,-0.3790,-0.0328,0.3804,0.2554,0.0923,1.8973,-6.7890,0.1934,6.7917
0.400,5.3886,3.7990,-0.5503,0.0012,0.2973,-0.3129,0.2052,0.3742,0.3107,0.0922,1.8800,-7.3552,-0.1614,7.3569
0.450,7.1396,3.7125,-0.5562,0.0013,0.2967,-0.3112,0.3077,0.4377,0.3707,0.0921,1.8611,13.4325,0.7520,13.4520
0.500,10.9608,4.0620,-0.5620,0.0013,0.2962,-0.1481,0.2907,0.3262,0.4341,0.0921,1.8409,41.9600,-1.2521,41.9684
0.550,13.0774,2.8033,-0.5679,0.0013,0.2958,-0.0856,0.1666,0.1873,0.4998,0.0920,1.8197,50.0243,2.0263,50.0367
0.600,10.3784,2.6936,-0.5737,0.0014,0.2955,0.0208,0.1229,0.1246,0.5668,0.0919,1.7975,51.5204,-3.6767,51.5568
0.650,7.8750,1.9663,-0.5796,0.0014,0.2952,0.0213,0.0129,0.0248,0.6341,0.0918,1.7746,45.6385,1.7215,45.6509
0.700,5.6491,1.8995,-0.5855,0.0015,0.2949,0.0344,-0.0233,0.0415,0.7009,0.0917,1.7509,42.9253,11.5422,43.5985
0.750,4.8080,2.1638,-0.5913,0.0015,0.2947,-0.0129,0.0218,0.0253,0.7663,0.0916,1.7265,41.6076,1.4204,41.6187
0.800,5.5166,2.3229,-0.5972,0.0016,0.2945,-0.1216,0.2846,0.3095,0.8298,0.0914,1.7014,33.6919,-14.8996,35.6725
0.850,7.2492,1.7310,-0.6031,0.0017,0.2943,-0.0573,0.1370,0.1485,0.8907,0.0913,1.6757,21.9861,-16.3849,26.5404
0.900,8.6904,4.9840,-0.6089,0.0018,0.2942,1.2178,0.5958,1.3557,0.9486,0.0912,1.6494,17.6020,-10.7372,20.2847
0.950,9.0747,13.3579,-0.6146,0.0019,0.2940,4.8652,0.1579,4.8677,1.0029,0.0910,1.6225,15.2371,-1.2343,15.2825
1.000,10.2308,17.2502,-0.6202,0.0020,0.2939,6.4063,0.0039,6.4063,1.0536,0.0909,1.5952,14.7643,3.6242,15.1656
1.050,12.3248,16.1181,-0.6259,0.0021,0.2938,5.8331,0.0906,5.8338,1.1002,0.0908,1.5675,18.8934,1.2844,18.9311
1.100,12.1716,11.4209,-0.6317,0.0023,0.2937,3.9049,-0.0335,3.9050,1.1428,0.0906,1.5396,28.1154,1.7805,28.1556
1.150,11.2210,6.4713,-0.6376,0.0024,0.2937,2.1413,-0.0208,2.1414,1.1811,0.0905,1.5114,33.9656,-0.7177,33.9702
1.200,11.3880,4.0263,-0.6435,0.0025,0.2936,1.1919,0.0429,1.1927,1.2151,0.0904,1.4832,46.8889,-14.5320,47.7058
1.250,11.1453,3.7220,-0.6494,0.0025,0.2935,1.0181,0.0438,1.0191,1.2450,0.0902,1.4551,68.1931,28.3881,68.6409
1.300,11.6025,4.6675,-0.6552,0.0026,0.2935,1.2682,-0.0840,1.2710,1.2707,0.0901,1.4271,82.0829,55.1988,82.2349
1.350,8.8629,5.5124,-0.6610,0.0027,0.2935,1.5797,-0.3948,1.6282,1.2924,0.0899,1.3993,78.6880,28.8710,78.7545
1.400,7.1420,5.6298,-0.6668,0.0028,0.2934,1.7154,-0.6426,1.8317,1.3102,0.0898,1.3720,71.0162,9.4964,71.0454
1.450,6.2134,5.5182,-0.6726,0.0029,0.2934,2.0079,-0.5617,2.0848,1.3242,0.0897,1.3452,63.3592,3.9023,63.3726
1.500,5.7875,6.3656,-0.6783,0.0030,0.2934,2.4555,-0.1362,2.4593,1.3347,0.0896,1.3190,55.8693,2.8203,55.8842
1.550,7.0330,7.0076,-0.6840,0.0031,0.2934,2.6929,0.0707,2.6938,1.3419,0.0895,1.2934,50.4627,2.5401,50.4815
1.600,9.4891,7.0595,-0.6898,0.0033,0.2934,2.7557,0.1939,2.7625,1.3460,0.0894,1.2687,48.8097,1.1895,48.8144
1.650,10.3524,8.0924,-0.6955,0.0035,0.2933,3.2005,-0.2189,3.2080,1.3471,0.0893,1.2449,47.8962,-0.2873,47.8965
1.700,9.7982,10.8549,-0.7012,0.0037,0.2933,4.1708,-0.0103,4.1708,1.3456,0.0892,1.2220,47.6787,0.6778,47.6803
1.750,10.6424,14.7108,-0.7069,0.0039,0.2932,4.9155,0.6527,4.9582,1.3416,0.0891,1.2002,52.4160,-1.3421,52.4205
1.800,13.5202,14.4854,-0.7126,0.0042,0.2932,4.3876,0.6531,4.4355,1.3355,0.0890,1.1794,56.0705,-15.0221,56.4947
1.850,15.8456,11.0019,-0.7184,0.0044,0.2931,3.2823,0.3497,3.3008,1.3274,0.0890,1.1598,52.5500,-15.1001,53.1268
1.900,15.2540,8.4278,-0.7242,0.0046,0.2931,2.5983,0.1610,2.6032,1.3176,0.0889,1.1415,46.9443,-4.9214,47.0365
1.950,12.4821,7.9786,-0.7299,0.0048,0.2931,2.6312,0.1040,2.6332,1.3064,0.0889,1.1243,45.8287,2.2504,45.8496
2.000,8.5219,8.6658,-0.7356,0.0049,0.2931,3.0482,0.1110,3.0502,1.2938,0.0888,1.1085,46.6322,2.0393,46.6484
2.050,5.7743,8.8690,-0.7413,0.0049,0.2931,2.6284,0.0687,2.6293,1.2802,0.0888,1.0940,46.4817,-0.5786,46.4831
2.100,5.1846,7.7063,-0.7471,0.0050,0.2931,1.8715,0.0216,1.8716,1.2658,0.0888,1.0808,46.9747,-0.3542,46.9752
2.150,5.7880,5.7746,-0.7528,0.0051,0.2931,1.3307,0.0145,1.3308,1.2508,0.0888,1.0691,50.1735,3.7444,50.2154
2.200,6.4787,4.4400,-0.7586,0.0052,0.2932,0.9678,-0.0037,0.9678,1.2352,0.0888,1.0587,55.0748,10.0090,55.2772
2.250,6.8308,4.4744,-0.7644,0.0053,0.2932,0.9118,-0.0642,0.9141,1.2195,0.0888,1.0497,58.3424,14.0737,58.6438
2.300,6.8163,5.6851,-0.7701,0.0054,0.2932,1.0811,-0.1908,1.0978,1.2036,0.0888,1.0420,57.8148,12.7935,58.0753
2.350,7.1786,7.0008,-0.7759,0.0055,0.2932,1.2838,-0.3229,1.3238,1.1877,0.0889,1.0358,53.9860,6.0911,54.0678
2.400,8.2741,7.8833,-0.7816,0.0056,0.2932,1.4122,-0.3488,1.4546,1.1720,0.0889,1.0309,51.2738,4.9163,51.3401
2.450,9.8709,8.4623,-0.7873,0.0057,0.2932,1.5767,-0.2528,1.5968,1.1567,0.0889,1.0274,47.0024,3.5430,47.0499
2.500,11.0990,8.8290,-0.7931,0.0058,0.2932,1.6217,-0.0562,1.6227,1.1418,0.0889,1.0253,42.3142,2.9040,42.3585
2.550,11.4897,9.2060,-0.7988,0.0060,0.2932,1.7210,0.0485,1.7216,1.1274,0.0890,1.0246,37.9380,1.5054,37.9538
2.600,10.7310,9.6218,-0.8046,0.0062,0.2932,1.8541,0.0382,1.8544,1.1136,0.0890,1.0252,33.7936,0.0881,33.7937
2.650,9.0645,9.6719,-0.8103,0.0063,0.2932,1.9737,0.0749,1.9751,1.1005,0.0891,1.0271,31.8766,-0.8153,31.8833
2.700,7.4171,8.8547,-0.8160,0.0065,0.2932,1.7584,0.1753,1.7671,1.0882,0.0891,1.0304,33.2372,-2.5308,33.2969
2.750,6.4968,7.4485,-0.8218,0.0067,0.2932,1.4065,0.2245,1.4243,1.0768,0.0891,1.0349,37.0842,-6.2646,37.3723
2.800,6.3235,5.8328,-0.8276,0.0069,0.2932,1.0441,0.1746,1.0586,1.0662,0.0892,1.0406,41.8277,-11.6114,42.5599
2.850,6.3786,4.7157,-0.8334,0.0070,0.2932,0.7910,0.1211,0.8002,1.0565,0.0892,1.0476,45.5809,-16.1151,46.6844
2.900,6.2372,4.5078,-0.8392,0.0072,0.2932,0.7360,0.0999,0.7427,1.0477,0.0893,1.0559,47.0269,-16.8663,48.1219
2.950,6.1367,5.0571,-0.8450,0.0073,0.2932,0.8160,0.1007,0.8222,1.0399,0.0894,1.0652,46.7107,-12.9386,47.3646
3.000,6.4515,5.7884,-0.8508,0.0074,0.2933,0.9385,0.1125,0.9452,1.0331,0.0894,1.0757,46.4398,-6.6131,46.6126
3.050,7.1563,6.2413,-0.8566,0.0075,0.2933,1.0052,0.1213,1.0125,1.0272,0.0894,1.0872,46.3770,-2.0046,46.3929
3.100,8.0575,6.4164,-0.8624,0.0077,0.2933,1.0695,0.1218,1.0764,1.0222,0.0895,1.0999,44.3325,-0.7991,44.3354
3.150,8.9905,6.7224,-0.8682,0.0078,0.2933,1.1647,0.1045,1.1694,1.0181,0.0895,1.1137,40.0936,-0.5846,40.0956
3.200,9.6540,7.4311,-0.8740,0.0079,0.2933,1.3531,0.0713,1.3550,1.0150,0.0895,1.1283,36.2206,0.8217,36.2259
3.250,9.6969,8.2750,-0.8798,0.0081,0.2933,1.6235,0.0253,1.6237,1.0127,0.0896,1.1440,33.9025,3.4537,34.0091
3.300,9.1962,8.8144,-0.8856,0.0082,0.2933,1.8061,-0.0762,1.8077,1.0112,0.0896,1.1606,32.4520,5.2765,32.7234
3.350,8.4996,8.8228,-0.8913,0.0083,0.2933,1.8043,-0.2250,1.8183,1.0105,0.0896,1.1781,32.1174,5.7496,32.4460
3.400,7.9711,8.1800,-0.8971,0.0084,0.2933,1.6289,-0.3117,1.6584,1.0106,0.0897,1.1963,34.0746,5.5176,34.3435
3.450,7.7902,6.9671,-0.9029,0.0084,0.2933,1.3722,-0.2745,1.3994,1.0114,0.0897,1.2154,38.0876,5.1153,38.2680
3.500,7.8251,5.9338,-0.9088,0.0085,0.2933,1.1688,-0.1757,1.1819,1.0127,0.0897,1.2352,42.4358,4.9480,42.5632
3.550,7.8554,5.5055,-0.9146,0.0086,0.2933,1.0728,-0.0882,1.0764,1.0147,0.0897,1.2557,45.7924,5.0586,45.8982
3.600,7.8750,5.5505,-0.9204,0.0087,0.2933,1.0701,-0.0350,1.0707,1.0172,0.0897,1.2769,48.6761,4.8142,48.7538
3.650,7.9636,5.8277,-0.9262,0.0088,0.2933,1.1331,-0.0137,1.1331,1.0201,0.0897,1.2986,50.3881,3.5486,50.4251
3.700,8.2602,6.1790,-0.9320,0.0089,0.2933,1.2600,-0.0094,1.2600,1.0235,0.0898,1.3210,49.3288,1.7888,49.3390
3.750,8.8109,6.4912,-0.9377,0.0089,0.2934,1.3532,0.0109,1.3533,1.0272,0.0898,1.3438,46.1716,-0.2308,46.1718
3.800,9.4570,6.8567,-0.9435,0.0090,0.2934,1.4958,0.0697,1.4975,1.0312,0.0898,1.3671,43.0702,-3.0158,43.1155
3.850,10.0678,7.5038,-0.9492,0.0091,0.2934,1.7132,0.1494,1.7197,1.0354,0.0898,1.3908,40.9992,-6.3140,41.2273
3.900,10.5890,8.3344,-0.9549,0.0092,0.2934,1.9662,0.2026,1.9766,1.0398,0.0898,1.4149,39.5696,-8.6753,40.0419
3.950,10.8565,9.0856,-0.9607,0.0093,0.2935,2.1677,0.2033,2.1772,1.0444,0.0898,1.4393,38.7903,-8.4938,39.2659
4.000,10.9614,9.4950,-0.9664,0.0094,0.2935,2.2596,0.1786,2.2667,1.0490,0.0898,1.4640,39.6413,-6.0662,39.8712
4.050,11.2260,9.4711,-0.9721,0.0095,0.2935,2.2403,0.1531,2.2455,1.0536,0.0898,1.4888,42.8237,-3.2047,42.8757
4.100,11.7520,9.1084,-0.9778,0.0096,0.2935,2.1422,0.1164,2.1454,1.0581,0.0898,1.5138,46.6398,-1.4787,46.6483
4.150,12.3284,8.6154,-0.9836,0.0097,0.2936,2.0360,0.0720,2.0373,1.0626,0.0898,1.5390,49.4901,-0.5531,49.4911
4.200,12.6684,8.3745,-0.9893,0.0097,0.2936,2.0176,0.0223,2.0177,1.0670,0.0898,1.5642,51.0103,1.6320,51.0178
4.250,12.6343,8.6019,-0.9950,0.0098,0.2936,2.1140,-0.0555,2.1147,1.0713,0.0897,1.5894,50.7123,4.4466,50.7690
4.300,12.4741,9.1674,-1.0008,0.0098,0.2936,2.2722,-0.1776,2.2791,1.0753,0.0897,1.6147,49.3254,5.7957,49.4327
4.350,12.5068,9.7907,-1.0065,0.0098,0.2936,2.4166,-0.2997,2.4351,1.0791,0.0897,1.6398,48.4587,5.6711,48.5684
4.400,12.9017,10.2011,-1.0122,0.0098,0.2937,2.5058,-0.3254,2.5268,1.0827,0.0897,1.6649,48.3697,5.0188,48.4561
4.450,13.5779,10.4478,-1.0179,0.0097,0.2937,2.5755,-0.2434,2.5870,1.0861,0.0897,1.6898,49.0026,4.2524,49.0617
4.500,14.3812,10.7461,-1.0236,0.0097,0.2937,2.7165,-0.1459,2.7204,1.0892,0.0897,1.7145,50.0513,3.1528,50.0813
4.550,15.2294,11.2162,-1.0293,0.0097,0.2937,2.7995,-0.0719,2.8004,1.0919,0.0897,1.7389,50.4987,1.6481,50.5066
4.600,16.0788,11.8068,-1.0350,0.0097,0.2937,2.9360,0.0038,2.9360,1.0944,0.0897,1.7631,49.7788,-0.5092,49.7796
4.650,16.8796,12.2926,-1.0407,0.0097,0.2937,3.0553,0.0996,3.0570,1.0966,0.0897,1.7870,48.2506,-3.5238,48.2936
4.700,17.4876,12.7998,-1.0463,0.0097,0.2936,3.1720,0.1802,3.1770,1.0985,0.0897,1.8104,46.3311,-5.9501,46.4720
4.750,17.8105,13.3993,-1.0520,0.0096,0.2936,3.3018,0.2139,3.3087,1.1000,0.0897,1.8335,44.8022,-6.2307,44.9743
4.800,17.8612,14.0244,-1.0576,0.0096,0.2936,3.4267,0.2064,3.4329,1.1013,0.0897,1.8562,44.8405,-4.7402,44.9398
4.850,17.9422,14.4263,-1.0633,0.0095,0.2936,3.5065,0.1682,3.5105,1.1023,0.0898,1.8784,46.3975,-2.9543,46.4321
4.900,18.2736,14.5349,-1.0690,0.0094,0.2936,3.5233,0.1062,3.5249,1.1030,0.0898,1.9000,48.6403,-1.1863,48.6451
4.950,18.9084,14.4458,-1.0747,0.0093,0.2936,3.4977,0.0170,3.4978,1.1035,0.0898,1.9211,50.2372,0.8629,50.2394
5.000,19.5523,14.4424,-1.0805,0.0092,0.2936,3.4806,-0.1094,3.4823,1.1037,0.0898,1.9417,50.4630,2.8883,50.4874
5.050,20.0043,14.6984,-1.0862,0.0091,0.2936,3.5007,-0.2481,3.5094,1.1037,0.0898,1.9617,49.6565,3.9899,49.7061
5.100,20.2804,15.1737,-1.0920,0.0090,0.2936,3.5616,-0.3325,3.5770,1.1035,0.0898,1.9810,48.6693,4.1406,48.7268
5.150,20.5122,15.7595,-1.0978,0.0088,0.2936,3.6631,-0.3243,3.6773,1.1031,0.0898,1.9997,48.0454,3.6782,48.0929
5.200,20.8374,16.3177,-1.1035,0.0087,0.2937,3.7951,-0.2507,3.8034,1.1026,0.0898,2.0178,47.7352,2.7475,47.7623
5.250,21.3276,16.7775,-1.1093,0.0086,0.2937,3.9332,-0.1479,3.9360,1.1019,0.0898,2.0352,47.4007,1.3121,47.4070
5.300,21.9654,17.1551,-1.1150,0.0085,0.2937,4.0457,-0.0308,4.0458,1.1010,0.0898,2.0518,46.7968,-0.6951,46.7986
5.350,22.6485,17.4460,-1.1208,0.0085,0.2937,4.1166,0.0783,4.1174,1.1001,0.0898,2.0678,45.8036,-2.7793,45.8355
5.400,23.1772,17.7320,-1.1265,0.0084,0.2937,4.1654,0.1526,4.1682,1.0991,0.0898,2.0830,44.7873,-3.9391,44.8561
5.450,23.4554,18.0836,-1.1323,0.0084,0.2937,4.2164,0.1825,4.2203,1.0981,0.0898,2.0974,44.4074,-3.8592,44.4752
5.500,23.5223,18.4728,-1.1380,0.0083,0.2937,4.2703,0.1677,4.2736,1.0970,0.0899,2.1111,44.9057,-2.9124,44.9430
5.550,23.6069,18.7410,-1.1438,0.0083,0.2937,4.3031,0.1105,4.3045,1.0960,0.0899,2.1240,45.9687,-1.4959,45.9778
5.600,23.8146,18.8877,-1.1496,0.0082,0.2937,4.3088,0.0108,4.3088,1.0949,0.0899,2.1361,46.9835,0.2377,46.9837
5.650,24.1874,18.9495,-1.1554,0.0081,0.2937,4.2923,-0.1189,4.2939,1.0938,0.0900,2.1474,47.4171,1.7525,47.4283
5.700,24.5594,19.0591,-1.1612,0.0080,0.2937,4.2777,-0.2413,4.2844,1.0928,0.0900,2.1578,47.2957,2.7947,47.3247
5.750,24.8813,19.2723,-1.1669,0.0079,0.2937,4.2916,-0.3118,4.3028,1.0919,0.0900,2.1674,46.8954,3.1335,46.9329
5.800,25.1203,19.5984,-1.1727,0.0078,0.2937,4.3515,-0.3142,4.3627,1.0909,0.0900,2.1762,46.4475,2.8836,46.4802
5.850,25.3456,19.9711,-1.1785,0.0077,0.2937,4.4501,-0.2559,4.4574,1.0901,0.0900,2.1842,46.0211,2.0463,46.0381
5.900,25.6037,20.3382,-1.1843,0.0076,0.2937,4.5606,-0.1587,4.5633,1.0893,0.0901,2.1913,45.5584,0.7309,45.5607
5.950,25.9322,20.6522,-1.1901,0.0076,0.2937,4.6526,-0.0485,4.6528,1.0886,0.0901,2.1976,44.9994,-0.8046,45.0022
6.000,26.2908,20.8804,-1.1959,0.0075,0.2937,4.7106,0.0473,4.7108,1.0880,0.0901,2.2030,44.4697,-2.0761,44.4892
6.050,26.5714,21.0614,-1.2017,0.0075,0.2937,4.7436,0.1084,4.7448,1.0875,0.0901,2.2076,44.2654,-2.6614,44.2980
6.100,26.7296,21.2293,-1.2075,0.0074,0.2937,4.7630,0.1262,4.7647,1.0870,0.0901,2.2113,44.5436,-2.4881,44.5715
6.150,26.7921,21.3861,-1.2132,0.0074,0.2937,4.7753,0.0969,4.7763,1.0866,0.0901,2.2144,45.2139,-1.6555,45.2256
6.200,26.8597,21.4868,-1.2190,0.0073,0.2937,4.7739,0.0227,4.7739,1.0863,0.0902,2.2166,45.9814,-0.4366,45.9821
6.250,26.9620,21.5458,-1.2249,0.0072,0.2937,4.7620,-0.0827,4.7627,1.0861,0.0902,2.2179,46.5772,0.8476,46.5800
6.300,27.1027,21.6300,-1.2307,0.0072,0.2937,4.7534,-0.1892,4.7571,1.0860,0.0902,2.2184,46.8721,1.8810,46.8856
6.350,27.2621,21.7378,-1.2365,0.0071,0.2937,4.8634,-0.2725,4.8709,1.0859,0.0902,2.2181,46.8861,2.4313,46.9087
6.400,27.4076,21.8841,-1.2423,0.0071,0.2937,4.8015,-0.2942,4.8104,1.0859,0.0902,2.2170,46.7551,2.4308,46.7779
6.450,27.5217,22.0740,-1.2481,0.0070,0.2937,4.8534,-0.2668,4.8606,1.0859,0.0902,2.2152,46.5409,1.9344,46.5556
6.500,27.6659,22.2792,-1.2540,0.0070,0.2937,4.9276,-0.1977,4.9316,1.0860,0.0902,2.2128,46.2171,0.9684,46.2209
6.550,27.8115,22.4554,-1.2598,0.0070,0.2937,4.9960,-0.1083,4.9972,1.0861,0.0903,2.2095,45.8950,-0.1738,45.8952
6.600,27.9476,22.6059,-1.2656,0.0070,0.2937,5.0482,-0.0226,5.0483,1.0863,0.0903,2.2054,45.6974,-1.1805,45.7032
6.650,28.0614,22.7174,-1.2714,0.0069,0.2937,5.0804,0.0395,5.0805,1.0865,0.0903,2.2007,45.7198,-1.8081,45.7333
6.700,28.1097,22.7843,-1.2773,0.0069,0.2937,5.0945,0.0655,5.0949,1.0867,0.0903,2.1953,46.0616,-1.8678,46.0757
6.750,28.1067,22.8085,-1.2831,0.0069,0.2937,5.0929,0.0488,5.0932,1.0869,0.0902,2.1892,46.6515,-1.3836,46.6590
6.800,28.0831,22.8084,-1.2889,0.0068,0.2937,5.0812,-0.0072,5.0813,1.0871,0.0902,2.1825,47.3134,-0.5172,47.3144
6.850,28.0737,22.7882,-1.2948,0.0068,0.2937,5.0651,-0.0883,5.0659,1.0873,0.0902,2.1752,47.8810,0.4544,47.8817
6.900,28.0717,22.7833,-1.3006,0.0067,0.2937,5.0548,-0.1721,5.0577,1.0876,0.0901,2.1672,48.2818,1.3210,48.2878
6.950,28.0767,22.8260,-1.3064,0.0066,0.2937,5.0609,-0.2349,5.0663,1.0878,0.0900,2.1588,48.4924,1.8683,48.5043
7.000,28.1003,22.8729,-1.3122,0.0064,0.2937,5.0832,-0.2610,5.0898,1.0880,0.0900,2.1498,48.5244,1.9304,48.5370
7.050,28.1031,22.9531,-1.3181,0.0063,0.2937,5.1238,-0.2453,5.1296,1.0882,0.0899,2.1403,48.4560,1.5954,48.4647
7.100,28.1321,23.0378,-1.3239,0.0062,0.2937,5.1723,-0.1950,5.1759,1.0884,0.0899,2.1303,48.2957,0.8467,48.2982
7.150,28.1531,23.1164,-1.3297,0.0061,0.2936,5.2186,-0.1267,5.2202,1.0886,0.0899,2.1199,48.1584,-0.0396,48.1584
7.200,28.1798,23.1662,-1.3355,0.0060,0.2936,5.2535,-0.0583,5.2538,1.0888,0.0899,2.1090,48.1331,-0.8784,48.1358
7.250,28.1712,23.1924,-1.3413,0.0059,0.2936,5.3660,-0.0040,5.3660,1.0890,0.0899,2.0977,48.3048,-1.4064,48.3116
7.300,28.1401,23.1936,-1.3471,0.0059,0.2936,5.2909,0.0232,5.2910,1.0891,0.0898,2.0860,48.6830,-1.5551,48.6911
7.350,28.0666,23.1585,-1.3530,0.0058,0.2935,5.2781,0.0158,5.2781,1.0892,0.0898,2.0739,49.2304,-1.2375,49.2353
7.400,27.9747,23.0830,-1.3588,0.0057,0.2935,5.3549,-0.0227,5.3549,1.0893,0.0897,2.0616,49.8266,-0.6069,49.8277
7.450,27.8977,23.0441,-1.3646,0.0056,0.2935,5.2592,-0.0809,5.2598,1.0894,0.0897,2.0489,50.3726,0.1964,50.3727
7.500,27.8220,23.0140,-1.3705,0.0055,0.2935,5.3361,-0.1458,5.3381,1.0895,0.0897,2.0361,50.7926,0.9731,50.7953
7.550,27.7770,22.9928,-1.3763,0.0054,0.2935,5.2551,-0.1942,5.2586,1.0896,0.0897,2.0230,51.0450,1.4569,51.0509
7.600,27.7282,22.9989,-1.3822,0.0054,0.2935,5.2638,-0.2194,5.2683,1.0896,0.0897,2.0096,51.1983,1.6327,51.2056
7.650,27.6949,23.0422,-1.3880,0.0053,0.2935,5.2929,-0.2141,5.2972,1.0896,0.0898,1.9961,51.2252,1.3844,51.2305
7.700,27.6776,23.0699,-1.3939,0.0053,0.2935,5.3255,-0.1807,5.3285,1.0897,0.0898,1.9825,51.1969,0.7991,51.1987
7.750,27.6435,23.1205,-1.3998,0.0053,0.2935,5.3600,-0.1297,5.3616,1.0897,0.0899,1.9687,51.2151,0.1214,51.2151
7.800,27.6371,23.1387,-1.4056,0.0052,0.2935,5.3855,-0.0752,5.3861,1.0897,0.0899,1.9548,51.2861,-0.6077,51.2871
7.850,27.5882,23.1616,-1.4115,0.0052,0.2935,5.4040,-0.0304,5.4041,1.0897,0.0900,1.9409,51.5316,-1.0569,51.5346
7.900,27.5478,23.1370,-1.4173,0.0051,0.2935,5.4100,-0.0068,5.4100,1.0897,0.0900,1.9268,51.9119,-1.2543,51.9159
7.950,27.4585,23.1109,-1.4232,0.0051,0.2935,5.5040,-0.0111,5.5040,1.0897,0.0901,1.9128,52.4222,-1.0154,52.4248
8.000,27.3976,23.0500,-1.4290,0.0050,0.2935,5.4088,-0.0360,5.4089,1.0897,0.0901,1.8987,52.9494,-0.5712,52.9502
8.050,27.3022,23.0357,-1.4348,0.0049,0.2935,5.3975,-0.0772,5.3981,1.0896,0.0902,1.8849,53.4724,0.1556,53.4724
8.100,27.2576,23.0019,-1.4407,0.0048,0.2934,5.3945,-0.1234,5.3959,1.0896,0.0903,1.8710,53.8685,0.8020,53.8699
8.150,27.1884,23.0112,-1.4465,0.0046,0.2934,5.4032,-0.1630,5.4056,1.0896,0.0904,1.8572,54.1856,1.3593,54.1896
8.200,27.1618,23.0520,-1.4524,0.0045,0.2934,5.4235,-0.1844,5.4266,1.0895,0.0905,1.8436,54.3590,1.5612,54.3641
8.250,27.1474,23.1027,-1.4582,0.0044,0.2934,5.4492,-0.1860,5.4523,1.0895,0.0907,1.8300,54.4240,1.4285,54.4283
8.300,27.1478,23.1258,-1.4640,0.0043,0.2934,5.4758,-0.1632,5.4782,1.0895,0.0907,1.8164,54.4852,0.9657,54.4872
8.350,27.1439,23.1993,-1.4699,0.0041,0.2934,5.5078,-0.1239,5.5092,1.0895,0.0908,1.8032,54.5717,0.3589,54.5719
8.400,27.1543,23.2582,-1.4757,0.0040,0.2934,5.5357,-0.0783,5.5362,1.0894,0.0908,1.7902,54.7027,-0.2424,54.7029
8.450,27.1262,23.3002,-1.4815,0.0038,0.2934,5.7788,-0.0412,5.7790,1.0894,0.0909,1.7776,54.9571,-0.6200,54.9578
8.500,27.1332,23.3200,-1.4874,0.0037,0.2933,5.5907,-0.0153,5.5907,1.0894,0.0910,1.7648,55.2951,-0.8393,55.2964
8.550,27.1007,23.3339,-1.4933,0.0036,0.2933,5.5778,-0.0114,5.5778,1.0894,0.0910,1.7524,55.7348,-0.7361,55.7359
8.600,27.0845,23.3568,-1.4991,0.0035,0.2933,5.5823,-0.0280,5.5824,1.0893,0.0910,1.7405,56.1785,-0.3951,56.1788
8.650,27.0476,23.3814,-1.5050,0.0034,0.2933,5.8142,-0.0625,5.8146,1.0893,0.0912,1.7291,56.6160,0.2352,56.6161
8.700,27.0544,23.3940,-1.5109,0.0033,0.2933,5.6182,-0.0987,5.6190,1.0893,0.0913,1.7174,56.9854,0.8741,56.9866
8.750,27.0546,23.4633,-1.5168,0.0032,0.2933,5.6193,-0.1308,5.6208,1.0893,0.0913,1.7064,57.2509,1.2388,57.2535
8.800,27.0974,23.5354,-1.5226,0.0031,0.2933,5.6414,-0.1500,5.6434,1.0893,0.0913,1.6957,57.3948,1.4336,57.3981
8.850,27.1089,23.6241,-1.5284,0.0029,0.2933,6.0562,-0.1652,6.0585,1.0893,0.0914,1.6856,57.5146,1.4261,57.5178
8.900,27.1843,23.7147,-1.5342,0.0028,0.2933,5.7414,-0.1380,5.7430,1.0893,0.0914,1.6754,57.5808,1.0825,57.5826
8.950,27.2318,23.8432,-1.5401,0.0026,0.2933,5.7455,-0.1058,5.7464,1.0893,0.0914,1.6659,57.6445,0.5505,57.6450
9.000,27.3034,23.9469,-1.5459,0.0025,0.2933,5.7749,-0.0703,5.7753,1.0893,0.0914,1.6569,57.7537,0.0102,57.7537
9.050,27.3548,24.0289,-1.5518,0.0023,0.2933,5.8004,-0.0387,5.8005,1.0893,0.0913,1.6481,57.9731,-0.3896,57.9733
9.100,27.4109,24.1051,-1.5577,0.0022,0.2933,5.8222,-0.0176,5.8222,1.0893,0.0912,1.6396,58.2556,-0.6481,58.2563
9.150,27.4476,24.1827,-1.5636,0.0021,0.2933,6.0768,-0.0142,6.0768,1.0893,0.0911,1.6319,58.5693,-0.6373,58.5699
9.200,27.5119,24.2630,-1.5694,0.0019,0.2933,5.8844,-0.0261,5.8844,1.0893,0.0910,1.6244,58.9067,-0.3509,58.9069
9.250,27.5472,24.3589,-1.5753,0.0018,0.2933,6.4904,-0.0545,6.4906,1.0893,0.0910,1.6175,59.2502,0.1392,59.2502
9.300,27.6413,24.3934,-1.5811,0.0017,0.2933,5.9550,-0.0769,5.9555,1.0893,0.0909,1.6109,59.4759,0.5297,59.4763
9.350,27.7011,24.5261,-1.5868,0.0015,0.2934,5.9301,-0.1017,5.9310,1.0893,0.0908,1.6049,59.6870,0.9502,59.6882
9.400,27.8002,24.6583,-1.5926,0.0014,0.2934,5.9588,-0.1192,5.9600,1.0893,0.0908,1.5996,59.7611,1.1485,59.7628
9.450,27.8857,24.7934,-1.5984,0.0013,0.2934,5.9947,-0.1233,5.9959,1.0894,0.0908,1.5946,59.8107,1.2129,59.8126
9.500,27.9938,24.9425,-1.6041,0.0013,0.2934,6.0353,-0.1127,6.0363,1.0894,0.0909,1.5902,59.8247,1.0284,59.8260
9.550,28.1244,25.0691,-1.6098,0.0012,0.2934,6.0701,-0.0896,6.0708,1.0894,0.0909,1.5859,59.8109,0.6453,59.8115
9.600,28.2411,25.2151,-1.6155,0.0012,0.2933,6.1076,-0.0605,6.1079,1.0894,0.0910,1.5823,59.8862,0.1903,59.8863
9.650,28.3653,25.3603,-1.6212,0.0012,0.2933,6.1437,-0.0329,6.1438,1.0894,0.0910,1.5793,60.0083,-0.1987,60.0084
9.700,28.4629,25.4811,-1.6269,0.0011,0.2933,6.5937,-0.0138,6.5937,1.0894,0.0910,1.5766,60.1800,-0.3596,60.1802
9.750,28.5919,25.5818,-1.6326,0.0010,0.2933,6.2389,-0.0052,6.2389,1.0895,0.0909,1.5741,60.3830,-0.4106,60.3832
9.800,28.6970,25.7150,-1.6383,0.0009,0.2933,6.2275,-0.0117,6.2275,1.0895,0.0908,1.5723,60.6066,-0.2714,60.6066
9.850,28.8239,25.8631,-1.6441,0.0007,0.2933,6.2557,-0.0294,6.2557,1.0895,0.0908,1.5713,60.7701,0.0298,60.7701
9.900,28.9414,25.9917,-1.6498,0.0006,0.2933,6.2849,-0.0522,6.2851,1.0895,0.0909,1.5707,60.9185,0.5762,60.9189
9.950,29.0770,26.1408,-1.6555,0.0004,0.2933,6.3192,-0.0728,6.3196,1.0895,0.0909,1.5704,60.9796,0.9871,60.9807
10.000,29.2431,26.2930,-1.6613,0.0003,0.2933,6.3546,-0.0867,6.3552,1.0896,0.0910,1.5704,60.9514,1.1277,60.9529
10.050,29.4081,26.4810,-1.6670,0.0001,0.2933,6.4000,-0.0902,6.4006,1.0896,0.0910,1.5711,60.9013,1.0558,60.9026
10.100,29.5672,26.6267,-1.6728,-0.0001,0.2933,6.5540,-0.0826,6.5545,1.0896,0.0911,1.5722,60.8583,0.8732,60.8592
10.150,29.7407,26.8354,-1.6786,-0.0002,0.2933,6.4975,-0.0592,6.4978,1.0896,0.0911,1.5736,60.8342,0.5849,60.8346
10.200,29.9263,26.9991,-1.6843,-0.0004,0.2933,6.5255,-0.0331,6.5255,1.0896,0.0911,1.5755,60.8102,0.2080,60.8103
10.250,30.0907,27.1822,-1.6901,-0.0005,0.2933,6.5654,-0.0112,6.5654,1.0896,0.0911,1.5779,60.8511,-0.0521,60.8511
10.300,30.2653,27.3396,-1.6959,-0.0006,0.2933,6.5997,0.0023,6.5997,1.0896,0.0912,1.5806,60.9419,-0.1548,60.9419
10.350,30.4277,27.5018,-1.7017,-0.0007,0.2934,6.6332,0.0053,6.6332,1.0897,0.0912,1.5837,61.0369,-0.0762,61.0369
10.400,30.6062,27.6627,-1.7074,-0.0008,0.2933,6.6663,-0.0028,6.6663,1.0897,0.0912,1.5872,61.1134,0.1058,61.1134
10.450,30.7840,27.8410,-1.7132,-0.0009,0.2934,6.7024,-0.0206,6.7024,1.0897,0.0912,1.5911,61.1659,0.4064,61.1661
10.500,30.9690,28.0273,-1.7190,-0.0009,0.2934,6.7420,-0.0399,6.7421,1.0897,0.0912,1.5953,61.1768,0.6924,61.1773
10.550,31.1704,28.2060,-1.7248,-0.0010,0.2934,6.7814,-0.0560,6.7817,1.0897,0.0912,1.5998,61.1233,0.8758,61.1242
10.600,31.3748,28.3994,-1.7306,-0.0012,0.2934,6.8241,-0.0648,6.8244,1.0897,0.0911,1.6046,61.0395,0.8999,61.0404
10.650,31.5914,28.5921,-1.7363,-0.0013,0.2934,6.8668,-0.0629,6.8671,1.0897,0.0910,1.6097,60.9333,0.7543,60.9339
10.700,31.7981,28.8161,-1.7421,-0.0014,0.2934,6.9156,-0.0510,6.9158,1.0897,0.0910,1.6153,60.8418,0.5461,60.8422
10.750,32.0110,29.0304,-1.7479,-0.0015,0.2934,6.9613,-0.0328,6.9613,1.0897,0.0910,1.6212,60.7548,0.3323,60.7549
10.800,32.2306,29.1898,-1.7537,-0.0016,0.2934,6.9975,-0.0141,6.9976,1.0898,0.0909,1.6269,60.7015,0.0829,60.7016
10.850,32.4313,29.4099,-1.7594,-0.0017,0.2934,7.0405,-0.0004,7.0405,1.0898,0.0908,1.6332,60.6983,-0.0904,60.6983
10.900,32.6504,29.6185,-1.7652,-0.0018,0.2934,7.0819,0.0052,7.0819,1.0898,0.0908,1.6399,60.6783,-0.1210,60.6783
10.950,32.8571,29.7917,-1.7710,-0.0019,0.2934,7.1158,0.0023,7.1158,1.0898,0.0908,1.6467,60.6993,0.0807,60.6993
11.000,33.0660,30.0058,-1.7768,-0.0020,0.2934,7.1565,-0.0080,7.1565,1.0898,0.0908,1.6538,60.6783,0.3144,60.6784
11.050,33.3021,30.2029,-1.7826,-0.0021,0.2934,7.1955,-0.0227,7.1955,1.0898,0.0909,1.6609,60.6029,0.5011,60.6032
11.100,33.5245,30.3981,-1.7883,-0.0022,0.2934,7.2346,-0.0373,7.2347,1.0898,0.0909,1.6681,60.5403,0.6624,60.5408
11.150,33.7569,30.6218,-1.7941,-0.0023,0.2934,7.2792,-0.0460,7.2793,1.0898,0.0909,1.6756,60.4335,0.6944,60.4341
11.200,33.9957,30.8439,-1.7999,-0.0023,0.2934,7.3250,-0.0457,7.3252,1.0898,0.0909,1.6833,60.3045,0.6769,60.3050
11.250,34.2279,31.0648,-1.8057,-0.0024,0.2934,7.3708,-0.0383,7.3709,1.0898,0.0910,1.6911,60.1846,0.6180,60.1851
11.300,34.4653,31.2967,-1.8115,-0.0025,0.2934,7.4177,-0.0260,7.4178,1.0898,0.0910,1.6991,60.0680,0.4750,60.0683
11.350,34.7092,31.4982,-1.8172,-0.0026,0.2934,7.4579,-0.0126,7.4579,1.0899,0.0911,1.7069,59.9746,0.3073,59.9748
11.400,34.9377,31.7322,-1.8230,-0.0027,0.2934,7.5025,-0.0017,7.5025,1.0899,0.0911,1.7150,59.9183,0.1848,59.9183
11.450,35.1842,31.9296,-1.8288,-0.0028,0.2934,7.5395,0.0046,7.5395,1.0899,0.0911,1.7230,59.8639,0.1349,59.8639
11.500,35.4074,32.1386,-1.8346,-0.0029,0.2934,7.5761,0.0046,7.5761,1.0899,0.0912,1.7311,59.8376,0.2162,59.8376
11.550,35.6493,32.3634,-1.8403,-0.0029,0.2934,7.6164,-0.0022,7.6164,1.0899,0.0912,1.7394,59.7624,0.2977,59.7625
11.600,35.8844,32.5940,-1.8461,-0.0030,0.2934,7.6600,-0.0133,7.6600,1.0899,0.0913,1.7477,59.6916,0.4712,59.6919
11.650,36.1214,32.7970,-1.8519,-0.0031,0.2934,7.6977,-0.0248,7.6978,1.0899,0.0913,1.7558,59.6003,0.6429,59.6008
11.700,36.3674,33.0279,-1.8576,-0.0031,0.2934,7.7413,-0.0338,7.7413,1.0899,0.0914,1.7640,59.4748,0.6662,59.4754
11.750,36.6213,33.2607,-1.8633,-0.0031,0.2933,7.7881,-0.0365,7.7882,1.0899,0.0914,1.7723,59.3423,0.6359,59.3428
11.800,36.8599,33.4716,-1.8691,-0.0031,0.2933,7.8284,-0.0331,7.8284,1.0899,0.0915,1.7803,59.2451,0.6161,59.2456
11.850,37.1005,33.7158,-1.8747,-0.0030,0.2933,7.8757,-0.0238,7.8758,1.0899,0.0915,1.7884,59.1374,0.4691,59.1377
11.900,37.3472,33.9215,-1.8804,-0.0030,0.2933,7.9140,-0.0127,7.9140,1.0899,0.0915,1.7963,59.0380,0.3587,59.0382
11.950,37.5748,34.1366,-1.8861,-0.0030,0.2932,7.9507,-0.0035,7.9507,1.0900,0.0916,1.8042,58.9831,0.2682,58.9832
12.000,37.8225,34.3645,-1.8918,-0.0031,0.2932,7.9906,0.0027,7.9906,1.0900,0.0916,1.8120,58.9064,0.1537,58.9065
12.050,38.0506,34.5932,-1.8975,-0.0031,0.2932,8.0331,0.0036,8.0331,1.0900,0.0916,1.8198,58.8618,0.1887,58.8619
12.100,38.2772,34.8246,-1.9032,-0.0032,0.2932,8.0764,-0.0005,8.0764,1.0900,0.0915,1.8275,58.8045,0.3016,58.8046
12.150,38.5236,35.0163,-1.9089,-0.0034,0.2932,8.1112,-0.0075,8.1112,1.0900,0.0915,1.8349,58.7211,0.4115,58.7213
12.200,38.7577,35.2500,-1.9147,-0.0035,0.2932,8.1534,-0.0155,8.1535,1.0900,0.0914,1.8422,58.6356,0.4913,58.6360
12.250,39.0090,35.4402,-1.9204,-0.0036,0.2932,8.1878,-0.0205,8.1878,1.0900,0.0914,1.8492,58.5452,0.5228,58.5456
12.300,39.2268,35.6972,-1.9261,-0.0038,0.2932,8.2366,-0.0206,8.2366,1.0900,0.0914,1.8564,58.4815,0.5242,58.4819
12.350,39.4695,35.8829,-1.9319,-0.0039,0.2932,8.2713,-0.0162,8.2713,1.0900,0.0914,1.8630,58.3863,0.5084,58.3867
12.400,39.6816,36.1147,-1.9376,-0.0041,0.2933,8.3131,-0.0089,8.3131,1.0900,0.0914,1.8697,58.3206,0.4465,58.3209
12.450,39.9228,36.3332,-1.9434,-0.0042,0.2933,8.3527,-0.0009,8.3527,1.0900,0.0914,1.8761,58.2264,0.3462,58.2266
12.500,40.1358,36.5544,-1.9491,-0.0043,0.2933,8.3942,0.0057,8.3942,1.0901,0.0914,1.8824,58.1974,0.3529,58.1976
12.550,40.3599,36.7651,-1.9549,-0.0044,0.2933,8.4333,0.0093,8.4333,1.0901,0.0915,1.8884,58.1510,0.3766,58.1512
12.600,40.5864,36.9378,-1.9606,-0.0045,0.2933,8.4637,0.0102,8.4637,1.0901,0.0915,1.8939,58.1116,0.4010,58.1118
12.650,40.8003,37.1476,-1.9664,-0.0046,0.2933,8.4983,0.0067,8.4983,1.0901,0.0915,1.8993,58.0689,0.3866,58.0691
12.700,41.0239,37.3597,-1.9721,-0.0047,0.2934,8.5364,0.0017,8.5364,1.0901,0.0915,1.9046,58.0200,0.3729,58.0202
12.750,41.2202,37.5641,-1.9779,-0.0048,0.2934,8.5745,-0.0032,8.5745,1.0901,0.0915,1.9097,57.9907,0.4512,57.9910
12.800,41.4258,37.7692,-1.9836,-0.0049,0.2934,8.6125,-0.0078,8.6125,1.0901,0.0915,1.9144,57.9311,0.4671,57.9314
12.850,41.6334,37.9536,-1.9893,-0.0049,0.2933,8.6469,-0.0097,8.6469,1.0901,0.0914,1.9189,57.8678,0.4362,57.8681
12.900,41.8518,38.2070,-1.9950,-0.0048,0.2933,8.6986,-0.0094,8.6986,1.0901,0.0914,1.9234,57.8197,0.3262,57.8199
12.950,42.0402,38.3566,-2.0007,-0.0048,0.2933,8.7284,-0.0078,8.7284,1.0902,0.0913,1.9272,57.8129,0.4012,57.8132
13.000,42.2334,38.5406,-2.0065,-0.0047,0.2933,8.7617,-0.0033,8.7617,1.0902,0.0913,1.9310,57.7929,0.3304,57.7931
13.050,42.4571,38.7527,-2.0122,-0.0047,0.2933,8.8013,-0.0023,8.8013,1.0902,0.0913,1.9346,57.7470,0.2231,57.7471
13.100,42.6261,38.9116,-2.0179,-0.0047,0.2933,8.8299,-0.0039,8.8299,1.0902,0.0913,1.9378,57.7857,0.3331,57.7859
13.150,42.8118,39.1397,-2.0236,-0.0047,0.2933,8.8753,-0.0061,8.8754,1.0902,0.0914,1.9410,57.7772,0.3158,57.7774
13.200,43.0041,39.2540,-2.0293,-0.0047,0.2933,8.8969,-0.0091,8.8969,1.0902,0.0914,1.9434,57.7618,0.4021,57.7621
13.250,43.1698,39.4531,-2.0349,-0.0048,0.2933,8.9309,-0.0131,8.9310,1.0902,0.0914,1.9457,57.7619,0.3390,57.7621
13.300,43.3688,39.6411,-2.0406,-0.0048,0.2933,8.9678,-0.0144,8.9678,1.0902,0.0913,1.9478,57.7302,0.2526,57.7303
13.350,43.5119,39.8077,-2.0463,-0.0049,0.2933,9.0024,-0.0145,9.0024,1.0902,0.0913,1.9496,57.7483,0.2866,57.7484
13.400,43.7027,39.9921,-2.0520,-0.0051,0.2933,9.0403,-0.0130,9.0403,1.0902,0.0912,1.9512,57.7264,0.1826,57.7265
13.450,43.8597,40.1611,-2.0577,-0.0052,0.2933,9.0752,-0.0105,9.0752,1.0903,0.0911,1.9525,57.7130,0.1794,57.7131
13.500,44.0313,40.3237,-2.0634,-0.0054,0.2933,9.1078,-0.0076,9.1078,1.0903,0.0911,1.9536,57.7262,0.1319,57.7262
13.550,44.1902,40.4800,-2.0691,-0.0056,0.2933,9.1390,-0.0038,9.1390,1.0903,0.0910,1.9545,57.7484,0.1349,57.7484
13.600,44.3652,40.6487,-2.0748,-0.0058,0.2933,9.1735,-0.0019,9.1735,1.0903,0.0910,1.9551,57.7985,0.0978,57.7986
13.650,44.5030,40.8057,-2.0805,-0.0059,0.2933,9.2053,-0.0016,9.2053,1.0903,0.0910,1.9554,57.8434,0.1628,57.8434
13.700,44.6634,40.9845,-2.0862,-0.0061,0.2933,9.2440,-0.0033,9.2440,1.0903,0.0909,1.9557,57.8764,0.1691,57.8764
13.750,44.8033,41.1074,-2.0919,-0.0063,0.2934,9.2702,-0.0051,9.2702,1.0903,0.0910,1.9555,57.9069,0.3184,57.9071
13.800,44.9540,41.2641,-2.0976,-0.0064,0.2934,9.2994,-0.0082,9.2994,1.0903,0.0911,1.9551,57.9388,0.3564,57.9390
13.850,45.1156,41.4096,-2.1032,-0.0065,0.2933,9.3331,-0.0091,9.3331,1.0903,0.0912,1.9545,57.9595,0.3439,57.9597
13.900,45.2430,41.5632,-2.1089,-0.0065,0.2933,9.3676,-0.0070,9.3676,1.0903,0.0913,1.9536,58.0114,0.3702,58.0116
13.950,45.3781,41.7138,-2.1145,-0.0066,0.2933,9.4021,-0.0025,9.4021,1.0904,0.0913,1.9524,58.0383,0.3229,58.0384
14.000,45.5129,41.8644,-2.1202,-0.0067,0.2933,9.4356,0.0017,9.4356,1.0904,0.0913,1.9510,58.0643,0.2694,58.0644
14.050,45.6457,42.0039,-2.1259,-0.0068,0.2933,9.4670,0.0060,9.4670,1.0904,0.0914,1.9494,58.1140,0.2383,58.1141
14.100,45.7818,42.1518,-2.1316,-0.0070,0.2933,9.5016,0.0093,9.5016,1.0904,0.0914,1.9476,58.1792,0.2343,58.1793
14.150,45.8999,42.2706,-2.1373,-0.0071,0.2934,9.5284,0.0092,9.5284,1.0904,0.0914,1.9456,58.2547,0.3195,58.2548
14.200,46.0385,42.4047,-2.1430,-0.0072,0.2934,9.5584,0.0065,9.5584,1.0904,0.0915,1.9434,58.3070,0.3316,58.3071
14.250,46.1657,42.5524,-2.1487,-0.0073,0.2934,9.5925,0.0017,9.5925,1.0904,0.0916,1.9410,58.3361,0.4743,58.3364
14.300,46.2685,42.6736,-2.1544,-0.0074,0.2934,9.6226,-0.0067,9.6226,1.0904,0.0916,1.9384,58.2644,0.9595,58.2658
14.350,46.3134,42.8075,-2.1601,-0.0075,0.2934,9.6556,-0.0174,9.6556,1.0904,0.0917,1.9357,57.8628,2.2462,57.8706
14.400,46.0217,42.7980,-2.1657,-0.0076,0.2934,9.6517,-0.0238,9.6517,1.0904,0.0918,1.9329,57.7950,2.8833,57.8080
14.450,46.0130,42.5869,-2.1714,-0.0078,0.2934,9.6208,-0.0181,9.6208,1.0904,0.0918,1.9297,57.8663,3.2741,57.8829
14.500,46.1982,42.5193,-2.1770,-0.0080,0.2934,9.6185,-0.0169,9.6185,1.0905,0.0919,1.9262,58.0107,3.4816,58.0293
14.550,46.3316,42.6007,-2.1827,-0.0082,0.2934,9.6424,-0.0223,9.6424,1.0905,0.0920,1.9227,58.1780,3.8030,58.1999
14.600,46.3636,42.6570,-2.1883,-0.0083,0.2934,9.6595,-0.0320,9.6596,1.0905,0.0921,1.9189,58.4142,3.9316,58.4370
14.650,46.3267,42.7364,-2.1940,-0.0084,0.2934,9.6797,-0.0370,9.6798,1.0905,0.0921,1.9150,58.6607,4.1018,58.6850
14.700,46.3052,42.8304,-2.1996,-0.0085,0.2934,9.7000,-0.0512,9.7001,1.0905,0.0922,1.9109,58.8973,4.2314,58.9225
14.750,46.2986,42.9438,-2.2052,-0.0086,0.2934,9.7253,-0.0615,9.7255,1.0905,0.0923,1.9068,59.1285,4.4916,59.1563
14.800,46.3212,42.9996,-2.2108,-0.0086,0.2933,9.7423,-0.0630,9.7425,1.0905,0.0924,1.9025,59.3693,4.5784,59.3975
14.850,46.3532,42.9927,-2.2164,-0.0087,0.2933,9.7469,-0.0725,9.7471,1.0905,0.0924,1.8979,59.5727,4.7890,59.6029
14.900,46.3787,42.9959,-2.2220,-0.0088,0.2933,9.7537,-0.0657,9.7539,1.0905,0.0923,1.8932,59.7624,4.9774,59.7945
14.950,46.4330,42.9899,-2.2276,-0.0089,0.2933,9.7591,-0.0500,9.7592,1.0905,0.0923,1.8884,59.9020,4.9090,59.9328
15.000,46.4711,43.0345,-2.2332,-0.0091,0.2933,9.7751,-0.0475,9.7752,1.0905,0.0922,1.8838,60.0462,5.0006,60.0777
15.050,46.4937,43.0614,-2.2388,-0.0093,0.2933,9.7880,-0.0568,9.7882,1.0905,0.0922,1.8790,60.1445,5.0916,60.1768
15.100,46.4924,43.1105,-2.2444,-0.0095,0.2933,9.8055,-0.0570,9.8057,1.0905,0.0922,1.8741,60.2279,5.0538,60.2594
15.150,46.5006,43.1599,-2.2500,-0.0097,0.2933,9.8207,-0.0695,9.8210,1.0906,0.0921,1.8690,60.2864,5.1390,60.3188
15.200,46.4944,43.1432,-2.2556,-0.0099,0.2933,9.8214,-0.0733,9.8217,1.0906,0.0920,1.8636,60.3527,5.3053,60.3871
15.250,46.5213,43.2756,-2.2612,-0.0101,0.2933,9.8542,-0.0891,9.8546,1.0906,0.0919,1.8587,60.4095,5.1759,60.4419
15.300,46.5368,43.3127,-2.2668,-0.0102,0.2933,9.8689,-0.0997,9.8694,1.0906,0.0918,1.8538,60.4909,5.2366,60.5239
15.350,46.5475,43.2884,-2.2724,-0.0103,0.2933,9.8701,-0.1102,9.8707,1.0906,0.0917,1.8486,60.5399,5.3442,60.5741
15.400,46.5576,43.3418,-2.2780,-0.0105,0.2933,9.8866,-0.1125,9.8872,1.0906,0.0916,1.8437,60.5860,5.5331,60.6225
15.450,46.5835,43.3614,-2.2836,-0.0107,0.2933,9.8987,-0.1047,9.8993,1.0906,0.0916,1.8387,60.6624,5.7366,60.7013
15.500,46.5955,43.3843,-2.2892,-0.0109,0.2933,9.9106,-0.0888,9.9110,1.0906,0.0916,1.8337,60.7597,5.9226,60.8008
15.550,46.6141,43.4132,-2.2948,-0.0111,0.2933,9.9237,-0.0861,9.9240,1.0906,0.0916,1.8286,60.8286,5.9095,60.8692
15.600,46.6278,43.4342,-2.3004,-0.0112,0.2933,9.9335,-0.1037,9.9340,1.0906,0.0917,1.8236,60.9207,5.6944,60.9581
15.650,46.6440,43.4756,-2.3059,-0.0114,0.2933,9.9476,-0.1283,9.9484,1.0907,0.0917,1.8187,61.0299,5.6251,61.0659
15.700,46.6630,43.5240,-2.3115,-0.0115,0.2933,9.9622,-0.1460,9.9632,1.0907,0.0917,1.8138,61.1404,5.7470,61.1776
15.750,46.6669,43.5709,-2.3171,-0.0117,0.2933,9.9772,-0.1469,9.9782,1.0907,0.0918,1.8091,61.2620,6.1865,61.3046
15.800,46.6645,43.5756,-2.3226,-0.0119,0.2933,9.9844,-0.1305,9.9853,1.0907,0.0919,1.8043,61.3715,6.5034,61.4180
15.850,46.6650,43.6117,-2.3282,-0.0120,0.2933,9.9950,-0.1224,9.9957,1.0907,0.0919,1.7995,61.4904,6.5810,61.5375
15.900,46.6826,43.6124,-2.3338,-0.0122,0.2933,10.0023,-0.1356,10.0032,1.0907,0.0919,1.7947,61.6047,6.2722,61.6469
15.950,46.7083,43.6712,-2.3393,-0.0124,0.2933,10.0167,-0.1652,10.0180,1.0907,0.0919,1.7902,61.7243,6.0521,61.7631
16.000,46.7361,43.7121,-2.3449,-0.0126,0.2933,10.0293,-0.1833,10.0309,1.0907,0.0919,1.7858,61.8218,6.0923,61.8608
16.050,46.7478,43.7381,-2.3505,-0.0127,0.2933,10.0393,-0.1787,10.0409,1.0907,0.0920,1.7816,61.9180,6.3561,61.9599
16.100,46.7566,43.7582,-2.3561,-0.0129,0.2933,10.0484,-0.1713,10.0498,1.0907,0.0921,1.7773,62.0027,6.5629,62.0470
16.150,46.7653,43.7663,-2.3617,-0.0130,0.2933,10.0566,-0.1816,10.0581,1.0907,0.0921,1.7732,62.0934,6.6059,62.1378
16.200,46.7771,43.8050,-2.3672,-0.0130,0.2933,10.0666,-0.2032,10.0686,1.0907,0.0921,1.7693,62.1830,6.5974,62.2269
16.250,46.7867,43.8311,-2.3728,-0.0131,0.2933,10.0736,-0.2205,10.0759,1.0907,0.0922,1.7653,62.2669,6.6476,62.3111
16.300,46.7944,43.8938,-2.3784,-0.0131,0.2933,10.0912,-0.2115,10.0934,1.0907,0.0922,1.7618,62.3429,7.0881,62.3928
16.350,46.8013,43.8760,-2.3839,-0.0132,0.2933,10.0947,-0.1920,10.0965,1.0907,0.0922,1.7582,62.4271,7.2511,62.4788
16.400,46.8049,43.8867,-2.3894,-0.0134,0.2933,10.0990,-0.1940,10.1008,1.0908,0.0922,1.7546,62.5062,6.9880,62.5538
16.450,46.8297,43.9416,-2.3950,-0.0136,0.2933,10.1116,-0.2256,10.1140,1.0908,0.0921,1.7514,62.5733,6.6407,62.6159
16.500,46.8581,43.9844,-2.4005,-0.0139,0.2933,10.1227,-0.2541,10.1258,1.0908,0.0921,1.7483,62.6476,6.6193,62.6897
16.550,46.8708,43.9994,-2.4061,-0.0141,0.2933,10.1269,-0.2540,10.1299,1.0908,0.0921,1.7453,62.7195,6.9116,62.7650
16.600,46.8758,44.0365,-2.4116,-0.0143,0.2933,10.1382,-0.2295,10.1407,1.0908,0.0921,1.7427,62.7625,7.3487,62.8138
16.650,46.8801,44.0314,-2.4172,-0.0146,0.2933,10.1401,-0.2327,10.1426,1.0908,0.0922,1.7400,62.8337,7.3534,62.8846
16.700,46.8879,44.0775,-2.4227,-0.0148,0.2933,10.1515,-0.2548,10.1546,1.0908,0.0922,1.7376,62.8957,7.3456,62.9461
16.750,46.9095,44.0784,-2.4283,-0.0150,0.2933,10.1544,-0.2834,10.1582,1.0908,0.0922,1.7353,62.9630,7.2193,63.0113
16.800,46.9230,44.1282,-2.4338,-0.0152,0.2933,10.1662,-0.2821,10.1699,1.0908,0.0922,1.7333,63.0276,7.4639,63.0790
16.850,46.9472,44.1474,-2.4394,-0.0154,0.2934,10.1721,-0.2761,10.1757,1.0908,0.0922,1.7314,63.0976,7.5050,63.1491
16.900,46.9563,44.1588,-2.4449,-0.0157,0.2934,10.1736,-0.2826,10.1774,1.0908,0.0922,1.7295,63.1659,7.4660,63.2165
16.950,46.9698,44.1990,-2.4505,-0.0159,0.2934,10.1832,-0.2804,10.1869,1.0908,0.0922,1.7281,63.2165,7.5507,63.2679
17.000,46.9788,44.1974,-2.4561,-0.0161,0.2934,10.1832,-0.2875,10.1871,1.0908,0.0922,1.7267,63.2734,7.5692,63.3248
17.050,46.9854,44.2163,-2.4616,-0.0163,0.2934,10.1873,-0.2910,10.1913,1.0908,0.0921,1.7255,63.3220,7.7371,63.3754
17.100,47.0077,44.2646,-2.4671,-0.0164,0.2934,10.1978,-0.2924,10.2018,1.0908,0.0921,1.7246,63.3459,7.8659,63.4010
17.150,47.0250,44.2897,-2.4727,-0.0165,0.2934,10.2035,-0.3197,10.2083,1.0909,0.0921,1.7237,63.3970,7.8297,63.4512
17.200,47.0507,44.3247,-2.4783,-0.0166,0.2934,10.2093,-0.3550,10.2152,1.0909,0.0921,1.7231,63.4270,7.7413,63.4798
17.250,47.0731,44.3260,-2.4838,-0.0168,0.2934,10.2126,-0.3676,10.2189,1.0909,0.0921,1.7226,63.4554,7.8121,63.5090
17.300,47.0856,44.3569,-2.4894,-0.0171,0.2934,10.2170,-0.3616,10.2231,1.0909,0.0921,1.7223,63.4984,8.0087,63.5545
17.350,47.0914,44.3619,-2.4949,-0.0173,0.2934,10.2157,-0.3556,10.2217,1.0909,0.0920,1.7221,63.5388,8.0721,63.5955
17.400,47.0937,44.3720,-2.5004,-0.0175,0.2934,10.2175,-0.3453,10.2231,1.0909,0.0920,1.7221,63.5638,8.1858,63.6220
17.450,47.1041,44.3874,-2.5060,-0.0177,0.2934,10.2191,-0.3450,10.2247,1.0909,0.0920,1.7224,63.5893,8.2535,63.6483
17.500,47.1169,44.4007,-2.5114,-0.0179,0.2934,10.2211,-0.3543,10.2270,1.0909,0.0921,1.7227,63.6151,8.2740,63.6742
17.550,47.1389,44.4403,-2.5169,-0.0180,0.2934,10.2265,-0.3675,10.2328,1.0909,0.0920,1.7233,63.6280,8.2563,63.6868
17.600,47.1592,44.4789,-2.5225,-0.0181,0.2934,10.2317,-0.3812,10.2385,1.0909,0.0920,1.7240,63.6420,8.3278,63.7018
17.650,47.1746,44.4603,-2.5280,-0.0183,0.2935,10.2287,-0.3855,10.2356,1.0909,0.0920,1.7248,63.6582,8.6083,63.7219
17.700,47.2065,44.5039,-2.5335,-0.0185,0.2935,10.2365,-0.4051,10.2441,1.0909,0.0920,1.7259,63.6676,8.2503,63.7260
17.750,47.2121,44.5193,-2.5391,-0.0188,0.2935,10.2367,-0.4116,10.2446,1.0909,0.0920,1.7270,63.6904,8.4137,63.7511
17.800,47.2162,44.5175,-2.5446,-0.0191,0.2935,10.2330,-0.4037,10.2407,1.0909,0.0920,1.7283,63.7206,8.7729,63.7863
17.850,47.2507,44.5572,-2.5501,-0.0194,0.2935,10.2395,-0.4188,10.2477,1.0909,0.0920,1.7299,63.7101,8.4650,63.7714
17.900,47.2565,44.5658,-2.5557,-0.0197,0.2935,10.2386,-0.4277,10.2472,1.0909,0.0919,1.7315,63.7327,8.5992,63.7958
17.950,47.2652,44.5628,-2.5612,-0.0200,0.2935,10.2344,-0.4258,10.2429,1.0909,0.0919,1.7332,63.7485,8.9118,63.8162
18.000,47.3007,44.6052,-2.5667,-0.0202,0.2935,10.2384,-0.4440,10.2476,1.0909,0.0919,1.7351,63.7245,8.7845,63.7904
18.050,47.3263,44.6341,-2.5723,-0.0204,0.2935,10.2404,-0.4711,10.2507,1.0910,0.0919,1.7371,63.7270,8.7060,63.7918
18.100,47.3509,44.6634,-2.5778,-0.0206,0.2936,10.2447,-0.4891,10.2558,1.0910,0.0919,1.7393,63.7298,8.5510,63.7922
18.150,47.3585,44.6732,-2.5833,-0.0208,0.2935,10.2466,-0.4743,10.2572,1.0910,0.0919,1.7417,63.7157,8.9397,63.7841
18.200,47.3631,44.6700,-2.5888,-0.0210,0.2936,10.2421,-0.4731,10.2525,1.0910,0.0918,1.7440,63.7166,8.9681,63.7854
18.250,47.3684,44.6576,-2.5943,-0.0212,0.2936,10.2388,-0.4750,10.2494,1.0910,0.0919,1.7465,63.7018,8.9996,63.7712
18.300,47.3830,44.7035,-2.5998,-0.0214,0.2936,10.2415,-0.4792,10.2522,1.0910,0.0919,1.7491,63.7078,9.0181,63.7775
18.350,47.4026,44.7060,-2.6054,-0.0216,0.2936,10.2441,-0.4863,10.2552,1.0910,0.0919,1.7518,63.7155,9.1501,63.7872
18.400,47.4293,44.7093,-2.6109,-0.0219,0.2936,10.2388,-0.5076,10.2509,1.0910,0.0920,1.7544,63.7156,9.0044,63.7850
18.450,47.4486,44.7398,-2.6164,-0.0221,0.2936,10.2393,-0.5127,10.2516,1.0910,0.0920,1.7572,63.6913,9.1139,63.7626
18.500,47.4709,44.7657,-2.6219,-0.0224,0.2936,10.2400,-0.5046,10.2519,1.0910,0.0921,1.7600,63.6840,9.3155,63.7586
18.550,47.4880,44.7913,-2.6274,-0.0226,0.2936,10.2460,-0.4997,10.2577,1.0910,0.0921,1.7631,63.6807,9.6924,63.7616
18.600,47.5081,44.7383,-2.6329,-0.0228,0.2936,10.2305,-0.5104,10.2426,1.0910,0.0921,1.7657,63.6684,9.6460,63.7486
18.650,47.5725,44.8159,-2.6384,-0.0231,0.2936,10.2380,-0.5520,10.2523,1.0910,0.0921,1.7688,63.6308,9.1745,63.7036
18.700,47.6607,44.8326,-2.6440,-0.0234,0.2936,10.2357,-0.5637,10.2506,1.0910,0.0921,1.7718,63.6229,9.4330,63.7000
18.750,47.7578,44.8804,-2.6495,-0.0237,0.2936,10.2369,-0.5487,10.2510,1.0910,0.0921,1.7749,63.6374,9.8323,63.7211
18.800,47.8156,44.9721,-2.6550,-0.0240,0.2936,10.2451,-0.5395,10.2587,1.0910,0.0921,1.7781,63.5905,9.9726,63.6770
18.850,47.7844,45.0194,-2.6605,-0.0242,0.2936,10.2384,-0.5689,10.2535,1.0910,0.0921,1.7811,63.5742,9.8285,63.6584
18.900,47.7838,45.0883,-2.6659,-0.0245,0.2936,10.2465,-0.6104,10.2639,1.0910,0.0921,1.7843,63.5348,9.3591,63.6114
18.950,47.7931,45.0868,-2.6714,-0.0247,0.2936,10.2370,-0.6277,10.2554,1.0910,0.0921,1.7874,63.5269,9.4707,63.6054
19.000,47.8140,45.1195,-2.6769,-0.0250,0.2936,10.2396,-0.5997,10.2564,1.0910,0.0922,1.7906,63.5086,9.9678,63.5959
19.050,47.8651,45.1906,-2.6823,-0.0253,0.2936,10.2453,-0.5891,10.2615,1.0910,0.0922,1.7938,63.4692,10.1973,63.5611
19.100,47.8872,45.2205,-2.6878,-0.0257,0.2936,10.2408,-0.5924,10.2572,1.0910,0.0922,1.7968,63.4508,10.0665,63.5404
19.150,47.9442,45.2622,-2.6932,-0.0260,0.2936,10.2369,-0.6239,10.2551,1.0911,0.0922,1.7998,63.4433,9.8130,63.5285
19.200,48.0002,45.2849,-2.6987,-0.0263,0.2936,10.2354,-0.6272,10.2538,1.0911,0.0922,1.8029,63.4082,9.9863,63.4969
19.250,48.0684,45.2950,-2.7041,-0.0267,0.2936,10.2303,-0.6095,10.2476,1.0911,0.0922,1.8059,63.4106,10.5282,63.5092
19.300,48.1450,45.3828,-2.7095,-0.0270,0.2936,10.2443,-0.6184,10.2621,1.0911,0.0922,1.8091,63.3824,10.5218,63.4812
19.350,48.1823,45.3409,-2.7150,-0.0273,0.2936,10.2264,-0.6254,10.2447,1.0911,0.0923,1.8118,63.3757,10.6258,63.4766
19.400,48.2607,45.4103,-2.7204,-0.0277,0.2936,10.2289,-0.6522,10.2488,1.0911,0.0922,1.8147,63.3571,10.4258,63.4544
19.450,48.3157,45.4675,-2.7259,-0.0280,0.2936,10.2296,-0.6721,10.2508,1.0911,0.0922,1.8176,63.3283,10.4328,63.4261
19.500,48.3471,45.5219,-2.7314,-0.0283,0.2936,10.2300,-0.6758,10.2514,1.0911,0.0922,1.8205,63.3579,10.5955,63.4585
19.550,48.3872,45.5690,-2.7368,-0.0287,0.2936,10.2290,-0.6725,10.2501,1.0911,0.0922,1.8233,63.3301,10.6948,63.4329
19.600,48.4107,45.6262,-2.7423,-0.0290,0.2936,10.2326,-0.6763,10.2540,1.0911,0.0921,1.8261,63.3190,10.5412,63.4190
19.650,48.4197,45.6378,-2.7477,-0.0293,0.2936,10.2239,-0.6657,10.2446,1.0911,0.0921,1.8288,63.3187,10.9727,63.4271
19.700,48.4756,45.7158,-2.7532,-0.0296,0.2936,10.2267,-0.6776,10.2481,1.0911,0.0922,1.8315,63.3120,10.8761,63.4186
19.750,48.5289,45.8149,-2.7587,-0.0299,0.2936,10.2374,-0.7035,10.2605,1.0911,0.0922,1.8342,63.2979,10.6631,63.4004
19.800,48.5552,45.8185,-2.7642,-0.0302,0.2937,10.2252,-0.7159,10.2492,1.0911,0.0922,1.8365,63.3290,10.9650,63.4372
19.850,48.6309,45.8702,-2.7697,-0.0305,0.2937,10.2260,-0.7166,10.2501,1.0911,0.0922,1.8390,63.2994,11.0490,63.4096
19.900,48.6972,45.9206,-2.7752,-0.0307,0.2937,10.2273,-0.7168,10.2514,1.0911,0.0922,1.8414,63.2901,11.2177,63.4039
19.950,48.7625,45.9745,-2.7807,-0.0309,0.2937,10.2270,-0.7246,10.2516,1.0911,0.0922,1.8437,63.3180,11.3322,63.4339
20.000,48.8335,45.9976,-2.7862,-0.0311,0.2937,10.2207,-0.7356,10.2461,1.0911,0.0922,1.8458,63.3148,11.2207,63.4283
20.050,48.8775,46.0340,-2.7917,-0.0313,0.2937,10.2203,-0.7312,10.2453,1.0911,0.0922,1.8479,63.3003,11.3988,63.4177
20.100,48.9354,46.0911,-2.7972,-0.0315,0.2937,10.2269,-0.7196,10.2511,1.0911,0.0921,1.8499,63.3023,11.6877,63.4259
20.150,48.9993,46.1472,-2.8027,-0.0317,0.2937,10.2268,-0.7376,10.2523,1.0911,0.0921,1.8519,63.3055,11.6100,63.4274
20.200,49.0574,46.2249,-2.8082,-0.0319,0.2937,10.2285,-0.7711,10.2564,1.0911,0.0921,1.8538,63.3065,11.4560,63.4251
20.250,49.1103,46.2869,-2.8137,-0.0321,0.2937,10.2286,-0.7923,10.2579,1.0911,0.0921,1.8556,63.3116,11.4982,63.4310
20.300,49.1543,46.3497,-2.8192,-0.0323,0.2937,10.2300,-0.7923,10.2593,1.0911,0.0921,1.8573,63.3353,11.7561,63.4599
20.350,49.1976,46.4313,-2.8247,-0.0326,0.2938,10.2378,-0.7875,10.2667,1.0911,0.0921,1.8590,63.3263,11.7302,63.4504
20.400,49.2277,46.4439,-2.8302,-0.0328,0.2938,10.2314,-0.7715,10.2592,1.0912,0.0922,1.8604,63.3514,12.2249,63.4861
20.450,49.3030,46.5272,-2.8357,-0.0331,0.2938,10.2342,-0.7886,10.2633,1.0912,0.0922,1.8618,63.3244,12.0873,63.4564
20.500,49.3702,46.5941,-2.8412,-0.0333,0.2938,10.2360,-0.8197,10.2674,1.0912,0.0923,1.8631,63.3668,12.0422,63.4972
20.550,49.4404,46.6565,-2.8467,-0.0336,0.2938,10.2438,-0.8339,10.2763,1.0912,0.0923,1.8643,63.3297,11.8777,63.4570
20.600,49.4898,46.6665,-2.8522,-0.0339,0.2938,10.2383,-0.8091,10.2689,1.0912,0.0923,1.8652,63.4582,12.5529,63.5988
20.650,49.5673,46.7300,-2.8577,-0.0342,0.2938,10.2372,-0.8046,10.2674,1.0912,0.0924,1.8662,63.2326,12.3603,63.3723
20.700,49.6134,46.8060,-2.8632,-0.0345,0.2938,10.2435,-0.8128,10.2743,1.0912,0.0924,1.8670,63.6746,12.7019,63.8151
20.750,49.6787,46.8501,-2.8687,-0.0347,0.2938,10.2485,-0.8357,10.2811,1.0912,0.0924,1.8677,62.8381,12.2906,62.9823
20.800,49.6665,46.8936,-2.8742,-0.0350,0.2938,10.2404,-0.8610,10.2750,1.0912,0.0924,1.8683,64.6002,12.8574,64.7296
20.850,49.5310,46.8648,-2.8797,-0.0352,0.2938,10.2438,-0.8671,10.2789,1.0912,0.0924,1.8688,61.4504,11.5290,61.5974
20.900,49.0616,46.6763,-2.8852,-0.0354,0.2938,10.2015,-0.8366,10.2343,1.0912,0.0924,1.8692,65.9794,12.9856,66.0911
20.950,48.7273,46.3357,-2.8906,-0.0356,0.2938,10.2036,-0.8098,10.2343,1.0912,0.0923,1.8694,60.5051,10.8664,60.6488
21.000,48.6772,46.0930,-2.8962,-0.0358,0.2938,10.1632,-0.8229,10.1950,1.0912,0.0923,1.8696,66.3582,13.1097,66.4668
21.050,48.8235,46.0671,-2.9017,-0.0360,0.2938,10.1978,-0.8486,10.2316,1.0912,0.0922,1.8697,60.0557,10.6824,60.2010
21.100,49.0022,46.0437,-2.9072,-0.0363,0.2938,10.1782,-0.8428,10.2116,1.0912,0.0921,1.8697,66.3641,14.0032,66.4885
21.150,49.3040,46.1415,-2.9127,-0.0366,0.2938,10.2206,-0.8373,10.2534,1.0912,0.0920,1.8698,59.8897,11.2722,60.0544
21.200,49.3483,46.0941,-2.9182,-0.0369,0.2938,10.1845,-0.8495,10.2184,1.0912,0.0920,1.8696,66.4520,14.6492,66.5870
21.250,49.3165,46.1299,-2.9237,-0.0372,0.2938,10.2167,-0.8528,10.2508,1.0912,0.0920,1.8695,59.7971,10.7597,59.9483
21.300,49.1158,46.0928,-2.9292,-0.0376,0.2938,10.1779,-0.8505,10.2119,1.0912,0.0920,1.8691,66.5824,14.6485,66.7152
21.350,49.0588,46.1585,-2.9347,-0.0379,0.2938,10.2102,-0.8430,10.2435,1.0912,0.0920,1.8687,59.6303,10.4992,59.7766
21.400,48.9601,46.2052,-2.9402,-0.0382,0.2938,10.1805,-0.8474,10.2142,1.0912,0.0920,1.8682,66.4488,14.6786,66.5844
21.450,49.0118,46.3358,-2.9457,-0.0385,0.2938,10.2169,-0.8500,10.2507,1.0912,0.0920,1.8676,59.4896,10.0986,59.6267
21.500,48.9565,46.4098,-2.9512,-0.0388,0.2938,10.1980,-0.8637,10.2330,1.0912,0.0920,1.8670,66.2955,14.8295,66.4367
21.550,49.0585,46.5055,-2.9567,-0.0391,0.2938,10.2315,-0.8784,10.2676,1.0912,0.0921,1.8663,59.4510,9.9038,59.5833
21.600,48.9926,46.5122,-2.9622,-0.0394,0.2938,10.2038,-0.8960,10.2415,1.0912,0.0921,1.8655,66.2647,14.7448,66.4048
21.650,49.0126,46.5299,-2.9677,-0.0397,0.2938,10.2337,-0.8711,10.2692,1.0912,0.0922,1.8646,59.2975,9.6255,59.4243
21.700,48.9673,46.4506,-2.9732,-0.0399,0.2938,10.2051,-0.8557,10.2394,1.0912,0.0923,1.8637,66.3722,15.6854,66.5293
21.750,49.0671,46.4597,-2.9787,-0.0402,0.2939,10.2308,-0.8610,10.2654,1.0912,0.0923,1.8625,59.1265,9.5420,59.2531
21.800,49.0613,46.4380,-2.9842,-0.0404,0.2939,10.2185,-0.8841,10.2550,1.0912,0.0923,1.8616,66.1547,15.3092,66.3083
21.850,49.2581,46.3876,-2.9897,-0.0406,0.2939,10.2458,-0.8798,10.2819,1.0913,0.0924,1.8602,58.6805,9.0603,58.7996
21.900,49.1761,46.4152,-2.9953,-0.0409,0.2939,10.2249,-0.9046,10.2631,1.0913,0.0924,1.8590,66.0622,16.2324,66.2377
21.950,49.4437,46.4052,-3.0008,-0.0411,0.2939,10.2388,-0.8916,10.2759,1.0913,0.0925,1.8577,59.2003,9.0508,59.3133
22.000,49.3309,46.4257,-3.0062,-0.0413,0.2939,10.2254,-0.8841,10.2620,1.0913,0.0926,1.8562,65.9105,16.4391,66.0942
22.050,49.2518,46.4925,-3.0117,-0.0415,0.2939,10.2618,-0.8473,10.2952,1.0913,0.0926,1.8547,58.6639,8.7754,58.7757
22.100,49.1391,46.4511,-3.0172,-0.0417,0.2939,10.2269,-0.8545,10.2611,1.0913,0.0926,1.8531,65.1904,14.7593,65.3506
22.150,49.5772,46.4872,-3.0226,-0.0420,0.2938,10.2749,-0.8598,10.3093,1.0913,0.0926,1.8515,57.9681,7.8542,58.0636
22.200,48.7730,46.6816,-3.0280,-0.0423,0.2938,10.2666,-0.9132,10.3055,1.0913,0.0926,1.8500,61.5060,11.6895,61.6563
22.250,51.6110,47.8283,-3.0334,-0.0426,0.2938,10.3798,-0.9072,10.4177,1.0913,0.0925,1.8483,62.5103,13.1163,62.6811
22.300,50.2064,47.7747,-3.0388,-0.0428,0.2938,10.2059,-0.9417,10.2474,1.0913,0.0925,1.8467,66.0812,14.3149,66.2160
22.350,49.4855,47.1745,-3.0443,-0.0431,0.2938,10.3383,-0.9162,10.3771,1.0913,0.0925,1.8450,60.8122,11.2887,60.9626
22.400,49.4480,47.3197,-3.0497,-0.0433,0.2938,10.3076,-0.9156,10.3464,1.0913,0.0926,1.8432,67.9897,14.8039,68.1024
22.450,49.6756,46.1397,-3.0551,-0.0436,0.2937,10.2198,-0.8536,10.2539,1.0913,0.0926,1.8415,59.7157,9.6545,59.8381
22.500,49.5759,47.1483,-3.0606,-0.0439,0.2937,10.1436,-1.0089,10.1916,1.0913,0.0926,1.8397,66.6013,15.6263,66.7528
22.550,49.1770,48.5120,-3.0660,-0.0441,0.2937,10.3709,-0.8558,10.4047,1.0913,0.0926,1.8378,60.3752,9.5579,60.4875
22.600,49.4319,47.6710,-3.0714,-0.0444,0.2937,10.3346,-0.9198,10.3737,1.0913,0.0926,1.8360,66.4842,16.3124,66.6523
22.650,49.7980,46.4103,-3.0769,-0.0447,0.2937,10.2943,-0.7921,10.3235,1.0913,0.0926,1.8341,59.7064,8.7407,59.8065
22.700,49.9282,46.1755,-3.0823,-0.0449,0.2937,10.1192,-0.9524,10.1620,1.0913,0.0926,1.8322,66.5154,16.6478,66.6902
22.750,49.5017,48.1729,-3.0878,-0.0452,0.2937,10.3869,-0.7993,10.4163,1.0913,0.0925,1.8304,60.1361,9.3052,60.2450
22.800,50.0150,47.9554,-3.0932,-0.0455,0.2937,10.3564,-0.9057,10.3943,1.0913,0.0925,1.8285,66.6650,17.8309,66.8631
22.850,51.4229,47.1865,-3.0986,-0.0457,0.2937,10.3810,-0.8207,10.4120,1.0913,0.0925,1.8267,62.8845,14.5835,63.0884
22.900,51.4184,47.1576,-3.1041,-0.0460,0.2938,10.2594,-0.9012,10.2972,1.0913,0.0924,1.8249,67.4712,15.9108,67.6116
22.950,50.6382,48.2564,-3.1095,-0.0462,0.2938,10.4198,-0.9424,10.4605,1.0913,0.0925,1.8231,63.9798,15.2686,64.1780
23.000,50.7957,48.4581,-3.1150,-0.0465,0.2938,10.3759,-0.8657,10.4104,1.0913,0.0925,1.8214,70.5275,13.0076,70.5873
23.050,50.0133,48.3469,-3.1204,-0.0467,0.2938,10.4200,-0.8762,10.4552,1.0913,0.0925,1.8195,61.2376,13.6676,61.4505
23.100,49.9040,48.0036,-3.1259,-0.0470,0.2938,10.3324,-0.8148,10.3631,1.0913,0.0925,1.8177,69.7049,16.3938,69.8144
23.150,49.4886,47.4873,-3.1314,-0.0472,0.2938,10.3431,-0.8209,10.3743,1.0914,0.0925,1.8159,60.3900,10.7463,60.5321
23.200,49.4283,46.8668,-3.1369,-0.0475,0.2938,10.1382,-0.9404,10.1799,1.0914,0.0925,1.8142,68.3199,16.1081,68.4484
23.250,49.3421,47.6813,-3.1424,-0.0478,0.2938,10.3811,-0.8237,10.4123,1.0914,0.0926,1.8124,60.1417,9.1671,60.2473
23.300,49.2973,46.2043,-3.1479,-0.0480,0.2938,10.0875,-0.8647,10.1230,1.0914,0.0926,1.8108,67.5437,17.2540,67.7085
23.350,50.7704,47.0669,-3.1534,-0.0482,0.2938,10.4030,-0.8219,10.4341,1.0914,0.0926,1.8090,68.4322,22.0844,68.6798
23.400,51.2369,48.3099,-3.1589,-0.0485,0.2938,10.4883,-0.8752,10.5231,1.0914,0.0926,1.8074,58.7676,7.4000,58.8461
23.450,50.4210,46.8936,-3.1644,-0.0487,0.2938,10.2375,-0.8490,10.2712,1.0914,0.0927,1.8058,64.0338,15.3161,64.2321
23.500,50.5149,48.8899,-3.1699,-0.0489,0.2939,10.4773,-0.8040,10.5068,1.0914,0.0927,1.8042,59.8567,8.7971,59.9567
23.550,50.5079,48.2101,-3.1754,-0.0491,0.2939,10.3985,-0.9795,10.4426,1.0914,0.0927,1.8026,62.8131,12.6677,62.9670
23.600,51.3826,48.0867,-3.1808,-0.0493,0.2939,10.4518,-0.7998,10.4811,1.0914,0.0928,1.8011,62.7631,12.2966,62.9087
23.650,49.7240,48.1902,-3.1864,-0.0494,0.2939,10.4129,-0.9584,10.4551,1.0914,0.0928,1.7996,62.3819,10.0179,62.4819
23.700,49.2227,48.2182,-3.1919,-0.0495,0.2939,10.4159,-0.6368,10.4345,1.0914,0.0928,1.7981,64.7647,13.2000,64.8986
23.750,50.1873,47.8715,-3.1973,-0.0497,0.2939,10.1446,-0.9613,10.1882,1.0914,0.0928,1.7967,63.4755,13.7710,63.6451
23.800,49.9217,47.7736,-3.2028,-0.0498,0.2938,10.3241,-0.7159,10.3479,1.0914,0.0927,1.7953,59.4141,7.9864,59.5000
23.850,50.8810,47.5991,-3.2082,-0.0499,0.2938,10.2643,-0.9165,10.3034,1.0914,0.0927,1.7939,65.1993,15.0968,65.3670
23.900,51.3134,47.4995,-3.2136,-0.0500,0.2938,10.4607,-0.8041,10.4902,1.0914,0.0926,1.7928,64.6061,18.7989,64.8910
23.950,50.5864,49.3705,-3.2191,-0.0501,0.2938,10.4079,-0.9073,10.4456,1.0914,0.0926,1.7915,60.6989,10.1046,60.8204
24.000,50.9491,48.1935,-3.2245,-0.0502,0.2938,10.4155,-0.8111,10.4457,1.0914,0.0925,1.7905,65.7638,16.8801,65.9614
24.050,51.3373,48.0316,-3.2300,-0.0502,0.2938,10.3662,-0.8110,10.3965,1.0914,0.0925,1.7894,61.3783,10.8415,61.5089
24.100,50.0032,46.9362,-3.2354,-0.0503,0.2938,10.2616,-0.7773,10.2897,1.0914,0.0925,1.7884,70.7180,13.9410,70.7850
24.150,50.4072,47.5203,-3.2408,-0.0504,0.2938,10.2154,-0.7801,10.2439,1.0914,0.0924,1.7875,66.9476,17.1757,67.1241
24.200,50.9094,48.4629,-3.2463,-0.0505,0.2938,10.3115,-0.8204,10.3427,1.0914,0.0924,1.7866,72.3889,4.7019,72.3946
24.250,51.4256,49.0176,-3.2517,-0.0506,0.2938,10.2519,-0.7430,10.2777,1.0914,0.0923,1.7858,69.0349,16.2871,69.1538
24.300,50.6821,49.2299,-3.2571,-0.0507,0.2938,10.2911,-0.9205,10.3304,1.0914,0.0923,1.7851,72.0030,-5.4114,72.0109
24.350,49.9752,48.7462,-3.2625,-0.0507,0.2938,10.2925,-0.7735,10.3203,1.0914,0.0923,1.7845,67.8348,17.4980,67.9981
24.400,49.2761,48.2024,-3.2679,-0.0508,0.2938,10.2849,-0.8441,10.3180,1.0914,0.0923,1.7839,71.5169,3.2608,71.5200
24.450,49.2044,48.6953,-3.2733,-0.0509,0.2938,10.4837,-0.8206,10.5144,1.0914,0.0923,1.7833,65.7138,19.0722,65.9710
24.500,50.3260,47.6531,-3.2787,-0.0510,0.2938,10.2971,-0.9328,10.3375,1.0914,0.0922,1.7828,69.9855,12.8592,70.0489
24.550,51.9218,51.2574,-3.2840,-0.0511,0.2938,10.6157,-0.9995,10.6605,1.0914,0.0922,1.7825,68.7872,16.3335,68.9111
24.600,52.9518,49.3823,-3.2893,-0.0511,0.2937,10.2428,-0.5934,10.2592,1.0914,0.0922,1.7821,71.6935,5.7198,71.7029
24.650,53.0471,47.8766,-3.2947,-0.0512,0.2937,10.3181,-0.8815,10.3541,1.0914,0.0922,1.7819,71.8749,12.6654,71.9205
24.700,52.5444,47.8178,-3.3001,-0.0513,0.2937,10.2685,-0.3266,10.2735,1.0914,0.0922,1.7817,72.0424,11.0282,72.0759
24.750,51.5991,47.8141,-3.3055,-0.0514,0.2937,10.3008,-0.8905,10.3376,1.0914,0.0922,1.7816,71.1389,7.9416,71.1588
24.800,52.1296,48.3890,-3.3109,-0.0515,0.2938,10.4122,-0.2459,10.4150,1.0914,0.0922,1.7816,71.8284,10.8996,71.8622
24.850,52.0472,50.2774,-3.3164,-0.0517,0.2938,10.5523,-0.8755,10.5869,1.0915,0.0922,1.7816,68.2406,17.9596,68.4039
24.900,50.8192,50.9805,-3.3218,-0.0519,0.2938,10.6133,-0.7040,10.6356,1.0915,0.0922,1.7817,74.3840,10.8307,74.4052
24.950,51.5932,50.5189,-3.3272,-0.0522,0.2938,10.6481,-1.0520,10.6976,1.0915,0.0923,1.7819,69.7136,15.1253,69.8059
25.000,51.0560,51.0400,-3.3326,-0.0524,0.2938,10.6552,-1.1376,10.7131,1.0915,0.0924,1.7821,70.8155,14.9521,70.8918
25.050,51.3779,50.0388,-3.3381,-0.0527,0.2938,10.6512,-1.0098,10.6968,1.0915,0.0925,1.7824,65.0789,17.5646,65.3124
25.100,52.2073,49.3496,-3.3435,-0.0529,0.2938,10.2760,-0.8906,10.3129,1.0915,0.0925,1.7826,70.3172,20.1260,70.4715
25.150,51.0100,48.9577,-3.3490,-0.0531,0.2938,10.5769,-0.6267,10.5946,1.0915,0.0926,1.7829,64.1182,16.1596,64.3377
25.200,53.1059,48.5440,-3.3545,-0.0532,0.2938,10.6095,-0.5966,10.6256,1.0915,0.0926,1.7833,57.5368,5.3791,57.5832
25.250,50.3309,49.7057,-3.3599,-0.0533,0.2938,10.4161,-0.6205,10.4338,1.0915,0.0926,1.7837,67.3381,19.1489,67.5492
25.300,51.4667,48.5448,-3.3654,-0.0534,0.2938,10.4527,-0.6980,10.4750,1.0915,0.0926,1.7841,60.7994,13.8781,61.0293
25.350,52.8562,48.6944,-3.3709,-0.0536,0.2938,10.4418,-0.8389,10.4740,1.0915,0.0926,1.7846,63.5108,13.7170,63.6785
25.400,52.0497,48.5233,-3.3763,-0.0537,0.2938,10.5882,-0.2472,10.5909,1.0915,0.0926,1.7852,62.8608,9.6717,62.9491
25.450,53.2050,50.2693,-3.3818,-0.0538,0.2938,10.9744,-0.2287,10.9767,1.0915,0.0926,1.7858,59.6639,-1.2254,59.6659
25.500,49.6378,53.4887,-3.3872,-0.0539,0.2938,10.7224,-0.0205,10.7224,1.0915,0.0926,1.7865,63.9470,16.3529,64.1766
25.550,57.3596,51.0417,-3.3925,-0.0540,0.2938,10.6730,-0.9279,10.7114,1.0915,0.0925,1.7872,68.4418,27.9721,68.8603
25.600,55.5571,49.5963,-3.3980,-0.0541,0.2938,10.3731,-0.8886,10.4095,1.0915,0.0925,1.7880,71.7759,14.9257,71.8411
25.650,50.1603,48.3899,-3.4034,-0.0542,0.2938,10.4073,-0.5914,10.4234,1.0915,0.0925,1.7888,59.9411,8.3285,60.0298
25.700,48.9450,47.7139,-3.4088,-0.0544,0.2938,10.4572,-0.5435,10.4707,1.0915,0.0925,1.7896,69.2186,22.1486,69.4417
25.750,49.8961,47.5189,-3.4142,-0.0546,0.2937,10.5414,-0.4517,10.5506,1.0915,0.0925,1.7905,56.5027,2.3256,56.5122
25.800,53.0778,52.2001,-3.4196,-0.0548,0.2937,10.9803,-0.3823,10.9866,1.0915,0.0925,1.7914,60.8151,12.5763,61.0026
25.850,53.2915,53.9106,-3.4249,-0.0550,0.2937,11.2114,-0.2703,11.2145,1.0915,0.0926,1.7924,59.1406,-3.8801,59.1613
25.900,53.4312,51.6417,-3.4302,-0.0551,0.2937,10.6779,-0.7518,10.7031,1.0915,0.0926,1.7933,63.9479,20.5579,64.3197
25.950,52.4700,47.8096,-3.4356,-0.0552,0.2937,10.2127,0.0837,10.2131,1.0915,0.0926,1.7942,63.5653,15.7275,63.7863
26.000,52.2361,50.8566,-3.4410,-0.0554,0.2937,10.7928,-0.2559,10.7957,1.0915,0.0926,1.7951,66.2858,18.3287,66.5061
26.050,55.6353,53.0878,-3.4463,-0.0555,0.2937,10.7591,-0.9670,10.8004,1.0915,0.0926,1.7961,57.9533,4.6171,57.9862
26.100,53.0392,49.7336,-3.4516,-0.0556,0.2937,10.6510,-0.6564,10.6703,1.0915,0.0926,1.7972,60.6882,7.0593,60.7471
26.150,53.8560,49.8630,-3.4570,-0.0557,0.2936,10.7100,-0.4556,10.7192,1.0915,0.0926,1.7982,63.4585,18.1174,63.7592
26.200,52.0449,49.2793,-3.4624,-0.0558,0.2936,10.7629,-0.3001,10.7669,1.0915,0.0926,1.7993,64.0888,22.3505,64.5267
26.250,54.4710,48.6934,-3.4678,-0.0559,0.2936,10.4684,0.0140,10.4684,1.0915,0.0926,1.8004,61.7140,9.6078,61.8127
26.300,52.2900,52.0606,-3.4731,-0.0560,0.2936,10.8418,-0.1811,10.8432,1.0915,0.0926,1.8014,63.6136,13.8105,63.7816
26.350,50.7974,50.7140,-3.4785,-0.0561,0.2936,10.6644,-0.5804,10.6795,1.0915,0.0926,1.8025,70.5529,15.2733,70.6359
26.400,55.6633,51.6163,-3.4838,-0.0562,0.2936,10.5233,-0.2481,10.5261,1.0915,0.0925,1.8036,64.5501,22.3374,64.9647
26.450,53.8612,52.6520,-3.4892,-0.0562,0.2936,10.5555,-0.5947,10.5714,1.0915,0.0925,1.8046,71.3937,22.4593,71.5593
26.500,54.4088,51.3987,-3.4946,-0.0563,0.2936,10.6978,-0.7142,10.7205,1.0915,0.0925,1.8057,71.5776,12.0050,71.6205
26.550,51.0293,51.9563,-3.5000,-0.0563,0.2936,10.6605,-0.8274,10.6912,1.0915,0.0925,1.8068,75.0294,-5.5616,75.0342
26.600,51.6739,50.2941,-3.5053,-0.0564,0.2936,10.4403,-0.5314,10.4532,1.0915,0.0925,1.8079,71.1147,9.4257,71.1430
26.650,51.2754,49.3000,-3.5107,-0.0565,0.2936,10.2389,-0.3266,10.2439,1.0915,0.0925,1.8090,70.2247,20.3610,70.3851
26.700,51.3988,53.0660,-3.5161,-0.0567,0.2936,10.8102,-0.7581,10.8355,1.0915,0.0925,1.8101,72.4332,22.3018,72.5706
26.750,55.3853,52.2958,-3.5214,-0.0568,0.2935,10.9297,-0.9570,10.9696,1.0915,0.0925,1.8112,52.2511,10.0707,52.5105
26.800,54.3864,50.6368,-3.5267,-0.0570,0.2935,10.5556,-0.7090,10.5783,1.0915,0.0925,1.8122,70.6488,23.6054,70.8563
26.850,53.2394,49.5139,-3.5322,-0.0571,0.2935,10.6118,-0.5949,10.6277,1.0916,0.0925,1.8133,67.0434,21.9422,67.3372
26.900,54.3142,49.8017,-3.5376,-0.0573,0.2935,10.4564,-0.3417,10.4618,1.0916,0.0925,1.8143,71.7658,19.7864,71.8843
26.950,55.2337,49.6560,-3.5430,-0.0574,0.2935,10.7040,-0.4491,10.7130,1.0916,0.0925,1.8153,66.5914,21.5028,66.8894
27.000,53.9055,51.2532,-3.5484,-0.0576,0.2935,10.8579,-0.6157,10.8746,1.0916,0.0925,1.8163,61.6894,16.0327,61.9717
27.050,54.3824,52.5169,-3.5537,-0.0578,0.2935,10.8325,-0.6106,10.8489,1.0916,0.0925,1.8173,59.7860,11.9835,59.9745
27.100,53.7986,53.3288,-3.5591,-0.0579,0.2935,10.7566,-0.2618,10.7597,1.0916,0.0925,1.8182,59.6792,8.2272,59.7681
27.150,54.1957,51.4731,-3.5645,-0.0581,0.2935,10.5813,-0.3405,10.5866,1.0916,0.0925,1.8191,63.2194,16.5067,63.4735
27.200,55.0751,50.8770,-3.5699,-0.0582,0.2935,10.9278,-0.4224,10.9355,1.0916,0.0925,1.8200,59.3216,7.6528,59.4012
27.250,52.5806,51.6492,-3.5753,-0.0584,0.2935,10.8837,-0.3673,10.8896,1.0916,0.0925,1.8209,61.5375,8.6077,61.6180
27.300,52.4891,52.8804,-3.5807,-0.0585,0.2935,11.2121,-0.2563,11.2149,1.0916,0.0924,1.8218,59.4460,1.2044,59.4479
27.350,53.0135,52.8104,-3.5860,-0.0587,0.2935,10.6803,-0.9802,10.7231,1.0916,0.0924,1.8226,60.2703,9.6002,60.3847
27.400,53.3230,51.4105,-3.5915,-0.0588,0.2935,10.6311,0.0357,10.6311,1.0916,0.0925,1.8235,61.2126,12.9512,61.4037
27.450,52.8744,49.1862,-3.5969,-0.0589,0.2935,10.0745,-0.8225,10.1067,1.0916,0.0925,1.8242,61.8721,16.0067,62.1481
27.500,55.0400,51.4050,-3.6023,-0.0590,0.2935,10.6164,-0.4574,10.6258,1.0916,0.0925,1.8249,63.1007,15.1520,63.3162
27.550,51.3777,52.3403,-3.6077,-0.0590,0.2934,10.4444,-0.5563,10.4585,1.0916,0.0925,1.8256,61.5032,15.2590,61.7631
27.600,53.6280,51.3698,-3.6132,-0.0590,0.2934,10.8017,-0.3902,10.8085,1.0916,0.0925,1.8263,65.2887,21.1273,65.6257
27.650,57.1374,52.1961,-3.6186,-0.0590,0.2934,10.4123,-0.4366,10.4210,1.0916,0.0924,1.8269,68.9083,20.5225,69.1060
27.700,55.9196,50.6218,-3.6240,-0.0590,0.2934,10.5051,-0.4668,10.5150,1.0916,0.0924,1.8276,69.4053,24.8516,69.6852
27.750,55.5534,50.3795,-3.6294,-0.0590,0.2934,10.2551,-0.5582,10.2696,1.0916,0.0924,1.8282,66.4841,23.1798,66.8397
27.800,54.9317,51.7782,-3.6347,-0.0590,0.2933,10.5656,-1.0419,10.6146,1.0916,0.0924,1.8287,68.9134,26.2639,69.2531
27.850,53.6326,51.9413,-3.6400,-0.0590,0.2933,9.9240,-0.6474,9.9442,1.0916,0.0924,1.8292,68.3054,23.5178,68.5944
27.900,53.3137,53.8145,-3.6454,-0.0591,0.2933,10.6880,-1.2964,10.7628,1.0916,0.0924,1.8297,73.5970,19.6667,73.6823
27.950,53.5909,55.4826,-3.6507,-0.0592,0.2933,11.0988,-0.3886,11.1053,1.0916,0.0924,1.8301,71.6165,19.7133,71.7369
28.000,52.8472,52.9730,-3.6562,-0.0593,0.2933,10.9036,-0.4135,10.9111,1.0916,0.0924,1.8305,73.2702,13.8077,73.3131
28.050,52.9690,52.1129,-3.6616,-0.0595,0.2933,10.7604,-0.0888,10.7607,1.0916,0.0924,1.8309,74.3512,0.8819,74.3514
28.100,54.1554,54.8267,-3.6670,-0.0596,0.2933,11.0045,0.0941,11.0049,1.0916,0.0924,1.8313,74.6722,-13.4218,74.7034
28.150,56.2605,52.5218,-3.6724,-0.0598,0.2933,10.8096,0.3286,10.8143,1.0916,0.0924,1.8316,75.2275,-11.7450,75.2486
28.200,55.8154,49.8032,-3.6779,-0.0598,0.2933,10.5829,0.5389,10.5960,1.0916,0.0925,1.8319,74.6978,-10.6882,74.7172
28.250,56.6129,52.3954,-3.6834,-0.0599,0.2933,10.8119,0.3645,10.8177,1.0916,0.0925,1.8321,74.1507,-16.0125,74.2004
28.300,57.2415,52.6697,-3.6888,-0.0599,0.2933,10.8549,0.4215,10.8627,1.0916,0.0926,1.8322,74.6326,-14.3875,74.6689
28.350,57.1906,52.5652,-3.6942,-0.0599,0.2933,10.5600,0.0805,10.5603,1.0916,0.0926,1.8323,72.4190,-18.8730,72.5150
28.400,55.8057,51.6567,-3.6996,-0.0600,0.2932,10.5165,0.3025,10.5206,1.0916,0.0926,1.8324,72.9390,-15.4948,72.9969
28.450,54.7737,52.0318,-3.7050,-0.0601,0.2933,10.2903,0.4741,10.3008,1.0916,0.0926,1.8324,67.8411,-17.5473,68.0052
28.500,53.5441,52.6629,-3.7103,-0.0602,0.2933,10.6285,-0.2812,10.6321,1.0916,0.0926,1.8325,67.4394,-17.0989,67.6034
28.550,52.7423,54.3625,-3.7156,-0.0604,0.2934,11.4837,0.1196,11.4843,1.0916,0.0926,1.8325,61.3412,-8.6486,61.4241
28.600,51.6218,57.9048,-3.7207,-0.0606,0.2935,11.3899,-0.2921,11.3934,1.0916,0.0926,1.8324,60.5810,-9.1977,60.6827
28.650,55.8231,49.9188,-3.7261,-0.0608,0.2935,10.6163,-0.0600,10.6164,1.0916,0.0926,1.8323,58.2350,-4.2639,58.2623
28.700,57.7246,53.5087,-3.7313,-0.0610,0.2936,11.0349,0.0874,11.0352,1.0916,0.0926,1.8321,57.2944,3.0831,57.3100
28.750,56.8587,53.4444,-3.7366,-0.0612,0.2936,11.1049,-0.1606,11.1060,1.0916,0.0926,1.8320,56.1648,2.6008,56.1771
28.800,56.5708,52.3819,-3.7419,-0.0614,0.2937,10.9188,-0.2573,10.9217,1.0916,0.0926,1.8318,58.5341,9.6300,58.6707
28.850,54.5615,51.8912,-3.7472,-0.0616,0.2937,10.9149,-0.4268,10.9229,1.0916,0.0926,1.8316,60.8877,15.7763,61.1845
28.900,54.1226,53.0389,-3.7525,-0.0618,0.2937,10.9244,-0.7802,10.9509,1.0916,0.0926,1.8314,61.7421,18.2947,62.1120
28.950,56.9408,53.8291,-3.7578,-0.0620,0.2938,10.8150,-0.8248,10.8449,1.0916,0.0926,1.8311,62.5450,19.9942,62.9545
29.000,57.2417,53.1914,-3.7631,-0.0622,0.2938,10.6678,-0.6582,10.6872,1.0916,0.0926,1.8307,64.8760,22.9102,65.2977
29.050,55.7800,53.5053,-3.7684,-0.0624,0.2938,10.6768,-0.4134,10.6845,1.0916,0.0926,1.8304,66.5422,23.7203,66.9134
29.100,55.0300,52.6701,-3.7736,-0.0626,0.2939,10.3809,-0.0661,10.3811,1.0916,0.0925,1.8300,69.1818,23.5722,69.4389
29.150,54.3780,52.0652,-3.7789,-0.0627,0.2939,10.3679,-0.1499,10.3690,1.0916,0.0925,1.8296,71.6880,21.4112,71.8302
29.200,54.1560,53.3232,-3.7842,-0.0628,0.2939,10.5058,0.0759,10.5060,1.0916,0.0925,1.8292,73.5865,14.5813,73.6319
29.250,54.7838,53.4862,-3.7895,-0.0629,0.2939,10.7829,-0.0185,10.7829,1.0916,0.0925,1.8288,74.0865,14.9230,74.1299
29.300,55.6636,54.2987,-3.7948,-0.0631,0.2939,11.1942,-0.1499,11.1952,1.0916,0.0925,1.8283,73.6709,12.9423,73.7058
29.350,55.2832,53.4531,-3.8001,-0.0633,0.2939,11.1011,-0.3372,11.1059,1.0916,0.0925,1.8278,73.1576,12.1739,73.1914
29.400,54.1050,54.3214,-3.8054,-0.0635,0.2939,10.9810,-0.0271,10.9810,1.0916,0.0925,1.8273,71.9781,19.4192,72.0879
29.450,53.4307,52.9392,-3.8107,-0.0637,0.2939,10.4659,-0.2144,10.4680,1.0916,0.0925,1.8269,77.7817,30.1586,77.8744
29.500,63.1277,52.0684,-3.8161,-0.0639,0.2939,10.9029,-0.6018,10.9187,1.0916,0.0925,1.8263,77.1353,39.2033,77.3458
29.550,60.2039,55.3105,-3.8213,-0.0642,0.2939,11.1640,-0.8183,11.1924,1.0917,0.0925,1.8259,76.4200,17.7339,76.4589
29.600,55.8316,53.2271,-3.8265,-0.0644,0.2939,11.0015,-1.0039,11.0450,1.0917,0.0926,1.8253,74.4411,28.4582,74.6070
29.650,54.7758,54.1985,-3.8318,-0.0646,0.2939,11.1182,-0.6548,11.1365,1.0917,0.0927,1.8247,76.0615,13.9874,76.0870
29.700,55.0785,55.5900,-3.8370,-0.0648,0.2939,11.0523,-0.2803,11.0557,1.0917,0.0927,1.8241,75.4899,24.4180,75.5849
29.750,56.1379,56.8589,-3.8422,-0.0650,0.2938,11.3193,-0.1298,11.3200,1.0917,0.0928,1.8234,76.9587,11.6395,76.9730
29.800,56.7228,56.3435,-3.8474,-0.0651,0.2938,11.1853,-0.1566,11.1864,1.0917,0.0928,1.8227,76.4615,19.5280,76.5088
29.850,56.9530,54.3939,-3.8526,-0.0652,0.2938,11.0233,-0.1002,11.0237,1.0917,0.0928,1.8220,76.7014,9.2961,76.7110
29.900,57.0858,54.5633,-3.8579,-0.0653,0.2938,11.2633,-0.0123,11.2633,1.0917,0.0929,1.8213,76.1349,19.6379,76.1863
29.950,57.5512,54.1627,-3.8632,-0.0655,0.2938,11.3241,-0.1709,11.3253,1.0917,0.0929,1.8206,76.7855,15.8452,76.8138
30.000,57.8144,54.7492,-3.8684,-0.0657,0.2938,11.1747,-0.2936,11.1784,1.0917,0.0929,1.8198,76.4546,26.1859,76.5452
30.050,57.9370,55.3416,-3.8737,-0.0660,0.2938,11.3492,-0.5185,11.3604,1.0917,0.0928,1.8191,76.8248,15.5082,76.8516
30.100,57.5659,55.1880,-3.8789,-0.0664,0.2937,11.1885,-0.6512,11.2065,1.0917,0.0928,1.8184,76.5433,26.7047,76.6363
30.150,57.5763,55.2722,-3.8842,-0.0667,0.2937,11.3428,-0.6800,11.3621,1.0917,0.0928,1.8176,76.7922,9.5236,76.8021
30.200,57.2635,55.0641,-3.8894,-0.0671,0.2937,11.2222,-0.5529,11.2351,1.0917,0.0927,1.8168,77.1850,22.3214,77.2387
30.250,57.2220,55.8906,-3.8946,-0.0674,0.2937,11.3314,-0.4239,11.3389,1.0917,0.0927,1.8161,77.4006,-2.1108,77.4010
30.300,57.2523,55.2970,-3.8998,-0.0677,0.2937,11.1619,-0.1623,11.1630,1.0917,0.0926,1.8154,77.7711,12.9313,77.7857
30.350,57.3102,55.4724,-3.9051,-0.0679,0.2937,11.3830,-0.1587,11.3841,1.0917,0.0926,1.8147,77.0990,-12.5938,77.1153
30.400,57.2400,55.1240,-3.9103,-0.0682,0.2937,11.1957,-0.0548,11.1958,1.0917,0.0925,1.8141,77.9272,7.5442,77.9319
30.450,57.2373,55.4023,-3.9156,-0.0684,0.2936,11.3292,-0.1611,11.3303,1.0917,0.0925,1.8134,76.0411,-18.4263,76.0869
30.500,57.2940,55.0014,-3.9208,-0.0687,0.2936,11.2039,-0.1255,11.2046,1.0917,0.0925,1.8128,77.7154,4.0598,77.7168
30.550,57.2778,55.1451,-3.9261,-0.0689,0.2936,11.3810,-0.2901,11.3845,1.0917,0.0925,1.8121,74.5831,-20.1960,74.6581
30.600,57.2941,54.7977,-3.9313,-0.0692,0.2936,11.2104,-0.3021,11.2142,1.0917,0.0925,1.8114,77.6443,-1.0423,77.6444
30.650,57.1412,55.0448,-3.9366,-0.0695,0.2936,11.3303,-0.4328,11.3381,1.0917,0.0925,1.8108,72.6941,-22.7823,72.8318
30.700,57.1397,54.5661,-3.9418,-0.0698,0.2936,11.1525,-0.3428,11.1575,1.0917,0.0925,1.8101,77.2818,-10.3943,77.2924
30.750,56.8987,54.8782,-3.9471,-0.0701,0.2936,11.2726,-0.3271,11.2771,1.0917,0.0925,1.8095,70.6067,-24.4540,70.8326
30.800,57.0186,54.4446,-3.9524,-0.0704,0.2936,11.0815,-0.1772,11.0829,1.0917,0.0925,1.8089,76.5356,-20.6495,76.5881
30.850,56.8008,54.8723,-3.9577,-0.0707,0.2936,11.2254,-0.1175,11.2260,1.0917,0.0925,1.8083,68.2037,-24.7666,68.5323
30.900,57.0040,54.3977,-3.9629,-0.0710,0.2936,11.0379,-0.0366,11.0379,1.0917,0.0925,1.8077,74.9507,-26.7350,75.0807
30.950,56.7845,54.9314,-3.9682,-0.0712,0.2935,11.2014,-0.0151,11.2014,1.0917,0.0925,1.8071,65.6584,-22.4989,66.0275
31.000,57.0026,54.5116,-3.9735,-0.0715,0.2935,11.0516,-0.0477,11.0517,1.0917,0.0925,1.8066,72.6980,-27.5934,72.9097
31.050,56.7877,54.9001,-3.9788,-0.0718,0.2935,11.1514,-0.0716,11.1516,1.0917,0.0925,1.8061,63.1782,-18.4089,63.4990
31.100,56.9808,54.4207,-3.9841,-0.0720,0.2935,11.0310,-0.1622,11.0321,1.0917,0.0926,1.8056,70.4443,-25.0885,70.6895
31.150,56.7123,55.0709,-3.9894,-0.0723,0.2935,11.0816,-0.2419,11.0841,1.0917,0.0926,1.8051,60.9801,-13.3821,61.1895
31.200,57.0232,54.7257,-3.9947,-0.0726,0.2935,11.0827,-0.3289,11.0873,1.0917,0.0927,1.8045,67.8544,-23.3222,68.1561
31.250,56.8605,55.2152,-4.0000,-0.0729,0.2935,11.0282,-0.3078,11.0323,1.0917,0.0927,1.8040,59.7466,-9.4849,59.8643
31.300,57.1206,54.7895,-4.0054,-0.0732,0.2935,11.0569,-0.2991,11.0608,1.0917,0.0927,1.8035,65.9003,-22.0066,66.2419
31.350,56.8748,55.1236,-4.0107,-0.0735,0.2935,10.9693,-0.2227,10.9715,1.0917,0.0926,1.8031,58.7396,-5.9708,58.7907
31.400,57.2033,54.7861,-4.0160,-0.0738,0.2935,11.0413,-0.2204,11.0434,1.0917,0.0926,1.8027,64.1204,-20.1387,64.4692
31.450,56.7702,54.9632,-4.0213,-0.0740,0.2935,10.9328,-0.1155,10.9334,1.0917,0.0926,1.8023,58.3298,-2.7939,58.3414
31.500,57.2184,54.8912,-4.0267,-0.0743,0.2935,11.0462,-0.2005,11.0479,1.0917,0.0926,1.8020,62.5828,-18.1306,62.9145
31.550,56.8961,55.0189,-4.0321,-0.0746,0.2935,10.9565,-0.1792,10.9579,1.0917,0.0926,1.8016,58.1536,1.5393,58.1572
31.600,57.2996,55.0146,-4.0374,-0.0748,0.2935,11.0777,-0.2721,11.0809,1.0917,0.0926,1.8013,60.9238,-14.5246,61.1731
31.650,56.8196,55.0400,-4.0428,-0.0751,0.2935,10.9947,-0.2362,10.9971,1.0917,0.0926,1.8009,58.5153,6.0224,58.5685
31.700,57.2855,54.9715,-4.0482,-0.0754,0.2935,11.0929,-0.3762,11.0990,1.0917,0.0926,1.8007,59.8209,-11.1889,59.9843
31.750,56.7836,55.1417,-4.0536,-0.0757,0.2935,11.1012,-0.3356,11.1060,1.0917,0.0926,1.8004,59.0897,9.1598,59.2067
31.800,57.3069,54.6726,-4.0590,-0.0759,0.2935,11.1035,-0.4320,11.1114,1.0917,0.0926,1.8002,59.1104,-8.6435,59.2142
31.850,56.7336,55.0515,-4.0644,-0.0762,0.2935,11.0618,-0.3759,11.0679,1.0917,0.0925,1.8000,59.2596,10.9085,59.4236
31.900,57.3356,54.5876,-4.0698,-0.0765,0.2935,10.9976,-0.3711,11.0035,1.0917,0.0925,1.7998,58.7443,-6.0141,58.7961
31.950,56.6539,55.0387,-4.0753,-0.0767,0.2935,10.8831,-0.2839,10.8867,1.0917,0.0925,1.7997,60.0901,10.9516,60.2424
32.000,57.0798,54.2417,-4.0807,-0.0769,0.2935,10.6721,-0.3207,10.6767,1.0917,0.0925,1.7996,58.0697,-4.9316,58.1068
32.050,56.3326,54.2264,-4.0862,-0.0771,0.2935,10.6057,-0.2722,10.6090,1.0917,0.0925,1.7995,61.3017,10.3921,61.4226
32.100,57.2783,56.0574,-4.0915,-0.0772,0.2935,11.1676,-0.4811,11.1774,1.0917,0.0925,1.7994,57.7495,-6.7601,57.8216
32.150,56.3602,53.6706,-4.0970,-0.0773,0.2935,10.5535,-0.3885,10.5603,1.0917,0.0925,1.7994,59.0471,6.6582,59.1089
32.200,59.0412,54.3267,-4.1024,-0.0775,0.2935,10.7535,-0.1215,10.7542,1.0917,0.0925,1.7994,57.2904,14.2551,57.6317
32.250,60.3255,63.3738,-4.1077,-0.0776,0.2935,11.6497,0.0221,11.6498,1.0917,0.0925,1.7994,63.0470,18.3989,63.3721
32.300,57.3548,58.5063,-4.1131,-0.0778,0.2934,11.9110,-0.5183,11.9217,1.0917,0.0925,1.7994,61.4547,13.1946,61.6483
32.350,57.1406,56.2493,-4.1186,-0.0780,0.2934,11.5347,-1.1054,11.5848,1.0917,0.0925,1.7995,63.9878,17.0499,64.2370
32.400,57.6660,53.4823,-4.1241,-0.0782,0.2934,10.8674,-0.9638,10.9081,1.0917,0.0925,1.7996,70.7554,23.1726,70.9514
32.450,57.0871,54.0169,-4.1296,-0.0784,0.2934,11.0480,-0.9178,11.0842,1.0917,0.0925,1.7997,77.5623,29.1338,77.6524
32.500,58.3341,56.3867,-4.1350,-0.0786,0.2934,11.2218,-0.8436,11.2519,1.0917,0.0925,1.7998,78.1942,-2.7435,78.1947
32.550,59.5112,56.0040,-4.1405,-0.0787,0.2934,11.1634,-0.9294,11.2001,1.0917,0.0925,1.7999,69.6715,-23.7094,69.9141
32.600,60.7093,56.5438,-4.1459,-0.0790,0.2934,11.3032,-1.4874,11.3957,1.0917,0.0925,1.8001,72.5739,-19.7345,72.6767
32.650,61.5026,56.0543,-4.1514,-0.0793,0.2934,11.1849,-1.6663,11.3023,1.0917,0.0925,1.8003,71.2626,-9.8602,71.2928
32.700,57.5714,58.9824,-4.1568,-0.0796,0.2934,11.2634,-1.1810,11.3220,1.0917,0.0925,1.8006,75.8301,-10.6948,75.8455
32.750,58.8037,56.9422,-4.1622,-0.0800,0.2934,10.6900,-0.9182,10.7275,1.0917,0.0925,1.8007,72.3429,-15.3049,72.4054
32.800,59.8644,52.7602,-4.1677,-0.0804,0.2933,10.2857,-1.3522,10.3705,1.0917,0.0926,1.8010,73.6155,-31.6010,73.8635
32.850,57.0652,56.0542,-4.1732,-0.0807,0.2933,10.7835,-0.1647,10.7847,1.0917,0.0926,1.8012,67.5909,-31.8130,68.2236
32.900,60.3072,57.8226,-4.1785,-0.0809,0.2933,11.4477,1.5258,11.5436,1.0917,0.0926,1.8015,68.6893,-25.6744,69.0224
32.950,57.9532,63.8931,-4.1838,-0.0809,0.2932,11.2501,1.6327,11.3620,1.0917,0.0925,1.8017,68.8444,-22.1182,69.0789
33.000,57.8306,58.8457,-4.1892,-0.0810,0.2932,11.1574,0.6100,11.1733,1.0917,0.0925,1.8020,64.1197,-8.4401,64.1778
33.050,59.2305,54.6777,-4.1946,-0.0812,0.2931,10.9281,0.5537,10.9415,1.0917,0.0925,1.8024,65.7221,-22.0070,66.0713
33.100,58.2297,58.3974,-4.2001,-0.0814,0.2931,11.0626,0.1268,11.0633,1.0917,0.0925,1.8027,60.9761,-6.2763,61.0213
33.150,58.6442,56.2754,-4.2055,-0.0817,0.2931,11.3479,0.1518,11.3488,1.0917,0.0925,1.8031,63.7293,-10.7585,63.8287
33.200,58.8671,57.8599,-4.2109,-0.0820,0.2931,11.2654,0.1455,11.2663,1.0917,0.0925,1.8035,59.8411,4.4817,59.8669
33.250,59.5602,55.5535,-4.2163,-0.0823,0.2931,11.5249,-0.2434,11.5274,1.0917,0.0925,1.8038,63.6926,-13.2023,63.8443
33.300,57.6574,55.3151,-4.2218,-0.0825,0.2930,10.9731,-0.2143,10.9751,1.0917,0.0925,1.8042,60.6941,-1.7156,60.6976
33.350,57.8461,53.8457,-4.2272,-0.0827,0.2930,11.0051,-0.0427,11.0052,1.0917,0.0925,1.8046,58.0933,-13.3804,58.3716
33.400,58.1458,54.0835,-4.2327,-0.0828,0.2930,10.7370,0.6001,10.7530,1.0917,0.0925,1.8050,58.5777,-0.8787,58.5788
33.450,60.0835,54.8492,-4.2381,-0.0829,0.2930,11.0919,0.5783,11.1062,1.0918,0.0926,1.8054,60.3447,-26.9758,61.3277
33.500,61.3900,57.5715,-4.2436,-0.0829,0.2930,11.3992,0.8828,11.4316,1.0918,0.0926,1.8058,58.3385,8.0589,58.4356
33.550,64.9826,61.9627,-4.2489,-0.0830,0.2930,12.2742,0.7669,12.2967,1.0918,0.0926,1.8063,61.4798,5.3079,61.5104
33.600,54.8240,59.5670,-4.2544,-0.0830,0.2930,11.4450,0.3027,11.4488,1.0918,0.0926,1.8067,65.7420,17.8252,65.9642
33.650,54.8246,57.4466,-4.2597,-0.0833,0.2931,11.4126,-1.0437,11.4577,1.0918,0.0926,1.8071,61.7532,11.4014,61.8923
33.700,57.9864,55.4232,-4.2650,-0.0834,0.2932,11.1351,-1.0823,11.1850,1.0918,0.0926,1.8075,52.8692,3.8742,52.9054
33.750,61.6674,55.7946,-4.2705,-0.0835,0.2933,11.8219,-1.7189,11.9394,1.0918,0.0926,1.8080,59.8304,25.2765,60.7263
33.800,63.2008,62.1957,-4.2758,-0.0835,0.2934,12.9130,-1.0882,12.9558,1.0918,0.0926,1.8084,57.5067,17.5710,58.0221
33.850,59.9952,60.8403,-4.2811,-0.0836,0.2935,11.7399,-0.5990,11.7543,1.0918,0.0926,1.8089,60.8104,14.9349,61.0775
33.900,59.7659,58.1020,-4.2866,-0.0837,0.2935,11.5828,-0.5471,11.5951,1.0918,0.0926,1.8093,55.7430,5.7573,55.8056
33.950,57.4754,53.8279,-4.2920,-0.0838,0.2936,11.0207,-0.1656,11.0218,1.0918,0.0926,1.8097,64.4456,17.6639,64.7003
34.000,59.5986,58.4625,-4.2974,-0.0840,0.2936,11.2881,-0.7011,11.3088,1.0918,0.0925,1.8101,53.1737,5.8416,53.2541
34.050,59.3223,55.4011,-4.3028,-0.0841,0.2936,10.7382,-1.2466,10.8070,1.0918,0.0925,1.8106,64.9478,16.5662,65.1576
34.100,58.1193,55.0841,-4.3082,-0.0842,0.2936,10.8649,-0.6085,10.8811,1.0918,0.0925,1.8110,58.5664,9.2430,58.6918
34.150,62.9537,58.1543,-4.3135,-0.0841,0.2936,10.8261,-0.4767,10.8361,1.0918,0.0925,1.8114,67.5738,23.5440,67.8935
34.200,62.8559,57.4866,-4.3189,-0.0841,0.2937,11.1068,-0.7877,11.1333,1.0918,0.0925,1.8119,70.8973,24.8383,71.1210
34.250,60.1831,60.9009,-4.3243,-0.0841,0.2937,10.9084,-0.8506,10.9400,1.0918,0.0925,1.8123,71.2990,36.8309,71.8343
34.300,56.4823,56.8178,-4.3297,-0.0841,0.2937,10.9035,-1.5096,11.0026,1.0918,0.0925,1.8127,72.1498,31.3310,72.4626
34.350,58.1327,62.7378,-4.3351,-0.0843,0.2938,11.5527,-2.1095,11.7337,1.0918,0.0925,1.8132,74.7151,44.7924,75.2247
34.400,64.8206,56.0965,-4.3405,-0.0844,0.2938,10.9155,-1.3073,10.9898,1.0918,0.0926,1.8136,79.7917,-27.0789,79.8338
34.450,66.1748,56.2605,-4.3459,-0.0846,0.2938,10.8501,-1.2799,10.9218,1.0918,0.0926,1.8140,75.4050,-38.8703,75.7033
34.500,56.4227,59.3061,-4.3513,-0.0847,0.2938,11.4161,-0.5217,11.4274,1.0918,0.0926,1.8143,73.1935,-29.1350,73.4139
34.550,58.9336,62.7320,-4.3566,-0.0848,0.2938,12.5942,-0.3459,12.5987,1.0918,0.0926,1.8147,75.7242,-13.4001,75.7493
34.600,57.8507,62.7240,-4.3619,-0.0848,0.2938,11.2408,-0.7560,11.2650,1.0918,0.0926,1.8150,70.6401,-18.0466,70.7565
34.650,59.2556,56.6167,-4.3674,-0.0848,0.2938,10.8714,-1.1896,10.9332,1.0918,0.0926,1.8154,78.8579,-40.8022,79.0117
34.700,61.4105,54.1034,-4.3729,-0.0849,0.2938,10.9163,-1.0493,10.9642,1.0918,0.0926,1.8157,73.8453,-34.8351,74.1477
34.750,62.4502,59.4201,-4.3782,-0.0850,0.2938,11.3219,0.0703,11.3221,1.0918,0.0926,1.8160,75.1138,-5.2660,75.1181
34.800,60.4090,57.8819,-4.3835,-0.0852,0.2938,11.2683,-0.3949,11.2749,1.0918,0.0926,1.8163,83.2709,31.7451,83.2886
34.850,65.6768,55.6038,-4.3889,-0.0853,0.2937,11.0270,-0.3788,11.0332,1.0918,0.0926,1.8166,70.7857,-16.7224,70.8826
34.900,62.3597,57.4560,-4.3942,-0.0855,0.2937,11.4482,-0.8899,11.4809,1.0918,0.0926,1.8169,63.8716,3.6584,63.8827
34.950,60.0189,63.0840,-4.3995,-0.0856,0.2937,11.7261,-0.5464,11.7381,1.0918,0.0926,1.8172,85.0605,52.1090,85.0906
35.000,58.0764,60.4801,-4.4048,-0.0857,0.2937,11.6407,0.2457,11.6431,1.0918,0.0926,1.8174,52.2651,-8.1609,52.4347
35.050,63.1395,64.0510,-4.4100,-0.0857,0.2937,11.5287,-0.3511,11.5338,1.0918,0.0926,1.8177,62.1945,10.0438,62.2970
35.100,56.9424,58.1291,-4.4154,-0.0857,0.2937,10.8232,-0.1342,10.8240,1.0918,0.0926,1.8179,50.3093,-7.6941,50.4851
35.150,63.4697,59.0558,-4.4207,-0.0858,0.2936,11.4929,0.6691,11.5114,1.0918,0.0926,1.8181,66.2654,23.6721,66.6481
35.200,64.1854,58.5308,-4.4261,-0.0858,0.2936,11.3263,0.7124,11.3476,1.0918,0.0926,1.8183,56.3021,16.2413,56.7902
35.250,56.6959,60.8464,-4.4314,-0.0859,0.2936,11.6911,0.9147,11.7249,1.0918,0.0926,1.8185,57.3846,7.1922,57.4691
35.300,61.9593,58.4922,-4.4367,-0.0860,0.2936,11.5361,0.3986,11.5426,1.0918,0.0925,1.8186,68.8788,17.4534,69.0194
35.350,64.7308,55.0263,-4.4421,-0.0861,0.2936,11.0945,-0.0752,11.0948,1.0918,0.0925,1.8188,82.1411,35.1368,82.1774
35.400,62.9324,54.2179,-4.4475,-0.0862,0.2937,10.5683,0.8240,10.5990,1.0918,0.0925,1.8190,79.1161,19.1821,79.1398
35.450,54.3898,58.9455,-4.4529,-0.0863,0.2937,11.6535,-0.2038,11.6552,1.0918,0.0925,1.8191,71.6743,-20.9275,71.8100
35.500,60.1600,59.6754,-4.4582,-0.0865,0.2937,11.7984,-1.0085,11.8390,1.0918,0.0925,1.8192,67.5901,-0.6846,67.5904
35.550,60.6148,59.0809,-4.4635,-0.0867,0.2937,11.7122,-0.3988,11.7186,1.0918,0.0925,1.8193,56.8123,1.0984,56.8144
35.600,66.1729,57.2516,-4.4689,-0.0868,0.2936,11.7112,-1.3615,11.7858,1.0918,0.0925,1.8195,62.7808,22.7740,63.3083
35.650,61.4170,65.7254,-4.4741,-0.0868,0.2936,12.3112,0.3929,12.3171,1.0918,0.0925,1.8196,65.6243,25.5887,66.1160
35.700,58.2371,58.2755,-4.4795,-0.0869,0.2937,11.2353,0.6717,11.2544,1.0918,0.0925,1.8196,59.8073,16.2422,60.1588
35.750,61.7366,65.4804,-4.4848,-0.0869,0.2936,12.6644,-0.3419,12.6687,1.0918,0.0925,1.8197,62.8584,12.4808,63.0069
35.800,57.9119,59.1140,-4.4901,-0.0870,0.2937,11.9493,0.3104,11.9531,1.0918,0.0925,1.8197,74.9210,-1.1692,74.9212
35.850,60.1260,59.7617,-4.4955,-0.0871,0.2936,12.1571,0.2318,12.1592,1.0918,0.0925,1.8197,56.5424,8.4551,56.6688
35.900,61.5490,55.2501,-4.5009,-0.0872,0.2937,11.3770,-0.3310,11.3816,1.0918,0.0925,1.8197,61.2283,-33.9365,62.7481
35.950,62.3124,57.1773,-4.5063,-0.0873,0.2937,10.8040,-0.5773,10.8187,1.0918,0.0926,1.8197,71.5567,-12.5626,71.6040
36.000,57.4737,55.6635,-4.5117,-0.0874,0.2937,11.0436,-0.6519,11.0619,1.0918,0.0926,1.8197,63.1644,21.4281,63.6081
36.050,60.9316,48.7264,-4.5173,-0.0875,0.2937,10.5221,-0.5805,10.5374,1.0918,0.0926,1.8196,62.4012,11.7335,62.5389
36.100,64.8159,59.1542,-4.5227,-0.0876,0.2937,11.4887,-1.1900,11.5470,1.0918,0.0926,1.8196,80.7851,-51.9571,80.9738
36.150,57.6213,57.0127,-4.5281,-0.0877,0.2937,11.4437,-1.0402,11.4885,1.0918,0.0926,1.8195,71.2280,35.5975,71.7243
36.200,62.2285,62.6791,-4.5334,-0.0877,0.2937,13.0266,-1.2619,13.0834,1.0918,0.0926,1.8194,57.9970,22.5925,58.8334
36.250,64.3082,66.7516,-4.5387,-0.0878,0.2937,12.7093,0.7482,12.7299,1.0918,0.0926,1.8193,77.6665,1.9826,77.6669
36.300,56.4371,65.3901,-4.5440,-0.0877,0.2937,13.3350,-1.3310,13.3966,1.0918,0.0926,1.8192,70.9866,-26.3982,71.2396
36.350,57.3925,51.6341,-4.5495,-0.0876,0.2937,10.9360,0.4169,10.9436,1.0918,0.0926,1.8191,65.2131,-22.2142,65.5920
36.400,58.9847,58.8871,-4.5550,-0.0876,0.2937,12.3290,-0.1775,12.3302,1.0918,0.0926,1.8189,78.6015,-43.5998,78.8007
36.450,57.9664,58.9667,-4.5603,-0.0876,0.2936,12.4031,0.3091,12.4067,1.0918,0.0926,1.8188,70.7882,23.3303,70.9861
36.500,64.7714,59.3434,-4.5655,-0.0876,0.2936,12.0283,0.1234,12.0289,1.0918,0.0926,1.8186,65.6764,-17.1184,65.8822
36.550,64.4266,58.2783,-4.5708,-0.0876,0.2936,11.3509,0.1991,11.3526,1.0918,0.0925,1.8185,55.3934,9.7372,55.5796
36.600,56.2082,52.4196,-4.5762,-0.0876,0.2935,11.5811,0.5211,11.5922,1.0918,0.0925,1.8183,67.9595,13.0581,68.0468
36.650,57.7258,53.5776,-4.5816,-0.0876,0.2935,10.9335,0.3431,10.9386,1.0918,0.0925,1.8182,49.8834,-12.1332,50.3385
36.700,63.4373,55.8466,-4.5869,-0.0876,0.2935,11.7205,0.2440,11.7229,1.0918,0.0925,1.8180,68.0999,3.8942,68.1073
36.750,58.6588,61.2204,-4.5921,-0.0876,0.2934,12.2740,-0.3529,12.2788,1.0918,0.0926,1.8178,83.2530,66.3503,83.4844
36.800,62.9500,61.7915,-4.5973,-0.0876,0.2934,12.1248,-0.8717,12.1542,1.0918,0.0926,1.8176,62.6383,-14.1230,62.8344
36.850,55.1856,55.5951,-4.6027,-0.0875,0.2934,11.7803,-0.1229,11.7809,1.0918,0.0926,1.8174,65.0008,22.8659,65.4146
36.900,57.8331,57.6529,-4.6081,-0.0875,0.2934,12.2803,-0.0709,12.2805,1.0918,0.0926,1.8172,67.6295,44.6208,69.1273
36.950,60.7187,59.1907,-4.6134,-0.0874,0.2934,11.5116,0.3496,11.5166,1.0918,0.0926,1.8169,73.3980,35.7008,73.7467
37.000,58.2381,57.0993,-4.6188,-0.0874,0.2934,11.4098,-0.9387,11.4464,1.0918,0.0926,1.8167,70.5254,40.1581,71.2807
37.050,64.7460,56.8573,-4.6242,-0.0874,0.2934,11.4583,0.5884,11.4726,1.0918,0.0926,1.8164,74.0390,-16.5752,74.0936
37.100,60.5701,61.1842,-4.6295,-0.0874,0.2934,11.4193,0.6442,11.4365,1.0918,0.0926,1.8162,63.0901,-19.3425,63.4497
37.150,62.7594,54.0435,-4.6350,-0.0875,0.2934,11.0380,1.2676,11.1071,1.0918,0.0925,1.8159,82.4782,48.5533,82.5600
37.200,51.9211,53.2329,-4.6406,-0.0876,0.2934,10.7783,0.8208,10.8081,1.0918,0.0925,1.8157,70.5076,-13.1986,70.5694
37.250,60.3274,67.7517,-4.6458,-0.0878,0.2934,12.4764,0.7755,12.4990,1.0918,0.0925,1.8155,83.0080,24.7247,83.0191
37.300,62.8893,67.2675,-4.6511,-0.0878,0.2934,13.8715,-0.6744,13.8866,1.0918,0.0925,1.8153,79.6153,37.0171,79.7109
37.350,59.0429,59.9101,-4.6565,-0.0878,0.2934,12.3209,-0.7666,12.3433,1.0918,0.0925,1.8150,60.9117,-26.8128,61.8284
37.400,69.8756,60.5851,-4.6619,-0.0878,0.2934,12.4495,-1.4124,12.5245,1.0918,0.0925,1.8148,62.7302,26.1584,63.4485
37.450,63.2523,59.0410,-4.6673,-0.0879,0.2934,12.7252,0.3539,12.7299,1.0918,0.0925,1.8145,67.7451,5.0209,67.7580
37.500,66.5161,56.4754,-4.6728,-0.0880,0.2934,11.7030,0.0889,11.7033,1.0918,0.0926,1.8142,57.0668,9.8825,57.2320
37.550,56.4054,47.8622,-4.6784,-0.0881,0.2934,10.3953,0.1337,10.3962,1.0918,0.0926,1.8140,69.6413,11.2818,69.6923
37.600,54.8091,50.2848,-4.6839,-0.0883,0.2934,10.8035,0.2398,10.8060,1.0918,0.0926,1.8137,65.2313,-2.2265,65.2348
37.650,59.4050,67.1390,-4.6892,-0.0883,0.2934,12.4346,0.3082,12.4382,1.0918,0.0926,1.8135,64.2082,-8.1486,64.2618
37.700,60.3533,68.3573,-4.6944,-0.0884,0.2934,13.0575,-0.8074,13.0807,1.0918,0.0926,1.8132,76.0218,-33.1331,76.1958
37.750,62.7515,46.9056,-4.7000,-0.0883,0.2934,11.1408,-0.6414,11.1583,1.0918,0.0926,1.8130,59.2296,-10.0716,59.3695
37.800,50.6562,62.3154,-4.7055,-0.0884,0.2934,13.0662,0.0309,13.0662,1.0918,0.0926,1.8127,68.1028,-11.5946,68.1699
37.850,47.7014,61.5020,-4.7108,-0.0884,0.2934,12.1478,0.8810,12.1778,1.0918,0.0927,1.8125,60.3487,38.8307,62.6374
37.900,63.8701,55.0466,-4.7163,-0.0885,0.2934,11.8727,0.5140,11.8832,1.0918,0.0927,1.8122,78.0113,-44.5725,78.2582
37.950,65.1494,53.4736,-4.7218,-0.0886,0.2933,11.5892,-0.0475,11.5893,1.0918,0.0928,1.8120,74.7505,32.3928,74.9635
38.000,65.9419,59.4725,-4.7272,-0.0886,0.2933,12.1463,0.8835,12.1765,1.0918,0.0929,1.8116,71.7680,-14.2035,71.8269
38.050,59.9706,60.1420,-4.7325,-0.0887,0.2933,12.8600,-0.2219,12.8618,1.0918,0.0929,1.8113,69.0501,26.7294,69.3969
38.100,48.1829,53.9313,-4.7380,-0.0887,0.2933,11.6237,-0.7369,11.6458,1.0918,0.0929,1.8110,59.8336,11.9025,60.0187
38.150,45.9995,51.9066,-4.7434,-0.0888,0.2932,11.0938,-0.1130,11.0943,1.0918,0.0929,1.8106,69.1878,-6.9366,69.2081
38.200,73.4822,50.5186,-4.7489,-0.0890,0.2932,11.1526,0.2832,11.1561,1.0918,0.0929,1.8103,55.6688,21.0340,56.5532
38.250,71.9623,63.6982,-4.7543,-0.0891,0.2932,13.5784,1.1835,13.6261,1.0918,0.0928,1.8100,74.0191,49.7055,74.8197
38.300,60.7446,59.1543,-4.7596,-0.0893,0.2932,11.8212,-0.8667,11.8512,1.0918,0.0928,1.8096,75.7780,-36.2228,76.0075
38.350,51.8884,58.8733,-4.7650,-0.0895,0.2932,12.6980,-0.2992,12.7013,1.0918,0.0927,1.8094,63.7390,7.2339,63.7835
38.400,54.3255,59.8003,-4.7704,-0.0896,0.2932,12.6574,-0.0696,12.6576,1.0918,0.0926,1.8091,73.9810,11.2219,74.0056
38.450,58.4725,58.4539,-4.7758,-0.0897,0.2932,12.1459,-0.7046,12.1651,1.0918,0.0925,1.8088,48.8695,13.5403,49.4829
38.500,63.0117,50.7511,-4.7813,-0.0899,0.2932,11.4496,-0.5882,11.4639,1.0918,0.0925,1.8086,75.9219,-4.2402,75.9242
38.550,61.5894,55.9636,-4.7868,-0.0901,0.2932,11.6442,0.3150,11.6482,1.0918,0.0925,1.8085,57.6963,7.3446,57.7819
38.600,59.3445,59.3875,-4.7922,-0.0903,0.2932,12.1152,0.5069,12.1252,1.0918,0.0924,1.8083,69.5598,-13.5531,69.6351
38.650,47.8183,53.7499,-4.7976,-0.0905,0.2932,11.3629,-0.1722,11.3642,1.0918,0.0924,1.8081,78.4620,17.6041,78.4855
38.700,43.1430,49.5563,-4.8032,-0.0907,0.2931,11.3630,-0.8862,11.3957,1.0918,0.0924,1.8079,76.4529,-20.6086,76.5062
38.750,67.3850,54.7313,-4.8087,-0.0910,0.2932,11.2570,-1.7359,11.3834,1.0918,0.0924,1.8077,73.1751,22.6454,73.3001
38.800,72.1510,51.5117,-4.8142,-0.0911,0.2932,11.8368,0.0407,11.8369,1.0918,0.0924,1.8076,74.7627,-25.3831,74.8827
38.850,41.2919,57.6336,-4.8197,-0.0913,0.2932,11.7135,-0.4638,11.7222,1.0918,0.0924,1.8074,67.9078,-32.0472,68.5254
38.900,44.3829,64.1360,-4.8250,-0.0914,0.2932,12.8870,-0.6916,12.9043,1.0918,0.0924,1.8073,53.5163,4.9315,53.5720
38.950,68.5681,53.6056,-4.8305,-0.0915,0.2932,11.3775,0.1524,11.3784,1.0918,0.0924,1.8072,59.1705,-20.7567,59.7958
39.000,60.3203,48.7680,-4.8362,-0.0915,0.2932,10.6892,1.4051,10.7770,1.0918,0.0924,1.8071,81.3823,-57.7504,81.6172
39.050,62.4619,57.5615,-4.8416,-0.0916,0.2932,11.8832,-0.1602,11.8842,1.0918,0.0924,1.8070,56.0647,-10.9806,56.2886
39.100,60.7556,55.7634,-4.8470,-0.0917,0.2931,11.9065,-0.0903,11.9068,1.0918,0.0924,1.8069,76.9368,38.8241,77.1513
39.150,56.7524,53.3496,-4.8525,-0.0918,0.2931,11.8904,-0.3291,11.8947,1.0918,0.0924,1.8069,65.8308,-13.6088,65.9561
39.200,57.2802,59.4871,-4.8579,-0.0919,0.2931,12.3555,-0.0158,12.3555,1.0918,0.0924,1.8068,71.4268,0.5845,71.4269
39.250,54.7706,63.4218,-4.8632,-0.0921,0.2931,12.9625,0.3356,12.9665,1.0918,0.0925,1.8067,57.9719,35.5834,60.2749
39.300,62.9413,65.5510,-4.8685,-0.0922,0.2931,12.8981,0.4918,12.9069,1.0918,0.0925,1.8066,73.4891,-22.3073,73.6033
39.350,58.2028,62.0659,-4.8738,-0.0924,0.2931,12.6213,-0.3383,12.6256,1.0918,0.0925,1.8066,67.8541,0.2332,67.8542
39.400,61.8431,45.2536,-4.8795,-0.0925,0.2931,10.3627,0.2484,10.3656,1.0918,0.0925,1.8066,75.0417,41.9643,75.4378
39.450,61.0727,60.4871,-4.8849,-0.0927,0.2931,11.9617,0.1625,11.9627,1.0918,0.0925,1.8066,66.8208,-25.7358,67.2501
39.500,60.7991,62.9801,-4.8902,-0.0929,0.2931,13.4074,-0.7450,13.4266,1.0918,0.0925,1.8066,55.6611,23.3591,56.7662
39.550,47.6460,65.2801,-4.8955,-0.0931,0.2931,12.4855,-1.0852,12.5297,1.0918,0.0925,1.8066,59.1814,20.7138,59.8033
39.600,54.1242,55.2613,-4.9010,-0.0934,0.2931,11.4417,0.4318,11.4495,1.0918,0.0926,1.8066,52.4421,-2.0140,52.4522
39.650,69.6773,54.8670,-4.9065,-0.0936,0.2931,11.8441,-0.6769,11.8623,1.0918,0.0926,1.8066,83.6542,-54.5107,83.7294
39.700,71.8171,43.5324,-4.9122,-0.0938,0.2931,9.9617,-0.0558,9.9618,1.0918,0.0926,1.8066,65.0374,42.4799,66.8179
39.750,50.6513,49.0212,-4.9178,-0.0941,0.2931,11.6037,-0.4198,11.6108,1.0918,0.0926,1.8067,67.8618,6.1955,67.8812
39.800,63.3795,50.2446,-4.9233,-0.0944,0.2931,11.5201,-0.9265,11.5554,1.0919,0.0926,1.8067,61.9088,-33.1697,63.2535
39.850,68.3777,50.6500,-4.9288,-0.0946,0.2931,11.3519,1.2708,11.4192,1.0919,0.0926,1.8068,59.0355,-1.8853,59.0404
39.900,51.2345,59.5281,-4.9342,-0.0948,0.2931,12.0674,1.0710,12.1121,1.0919,0.0926,1.8069,72.2677,-19.5542,72.3739
39.950,53.0959,64.0135,-4.9396,-0.0949,0.2932,12.9885,-0.8576,13.0149,1.0919,0.0926,1.8070,56.8466,12.1902,57.1047
40.000,56.3082,60.8527,-4.9450,-0.0951,0.2932,12.6769,-1.6852,12.7813,1.0919,0.0926,1.8071,69.9159,-24.6597,70.1712
40.050,62.8858,58.4208,-4.9505,-0.0951,0.2932,10.5686,-0.1752,10.5700,1.0919,0.0926,1.8072,76.8356,36.6835,77.0243
40.100,48.1305,66.2841,-4.9559,-0.0952,0.2932,12.3508,0.3274,12.3548,1.0919,0.0926,1.8073,66.6849,0.3748,66.6850
40.150,50.1901,59.2880,-4.9613,-0.0953,0.2932,12.5822,-0.9704,12.6172,1.0919,0.0926,1.8074,84.1399,-32.6110,84.1524
40.200,33.4642,59.0242,-4.9667,-0.0953,0.2931,12.4055,0.3985,12.4115,1.0919,0.0926,1.8075,65.6302,-17.1230,65.8373
40.250,55.5430,41.4924,-4.9724,-0.0954,0.2931,10.2484,0.7756,10.2765,1.0919,0.0926,1.8077,67.8445,-17.0171,67.9983
40.300,62.3191,55.3174,-4.9779,-0.0955,0.2930,12.4339,0.9936,12.4711,1.0919,0.0926,1.8078,71.6158,-31.2978,71.9561
40.350,52.3869,59.5914,-4.9832,-0.0956,0.2931,12.3665,0.3326,12.3707,1.0919,0.0926,1.8080,56.7299,1.8582,56.7359
40.400,65.6899,50.9785,-4.9887,-0.0958,0.2930,11.5974,-0.3085,11.6013,1.0919,0.0926,1.8081,61.9113,18.5778,62.2865
40.450,71.2825,48.0812,-4.9943,-0.0960,0.2930,10.8635,0.0861,10.8638,1.0919,0.0926,1.8083,78.7529,74.1621,80.7513
40.500,64.6289,31.3817,-5.0001,-0.0963,0.2930,7.7409,0.4927,7.7561,1.0919,0.0926,1.8085,60.0510,8.0902,60.1338
40.550,62.8936,51.9576,-5.0056,-0.0966,0.2930,11.5770,-0.4582,11.5856,1.0919,0.0926,1.8086,76.5143,9.5693,76.5249
40.600,65.7333,55.2039,-5.0110,-0.0969,0.2930,11.9270,-0.1457,11.9278,1.0919,0.0927,1.8088,70.4142,48.6047,71.7402
40.650,47.2256,68.4934,-5.0162,-0.0971,0.2930,14.3758,-0.8621,14.3995,1.0919,0.0927,1.8090,76.6072,38.0235,76.8255
40.700,59.7731,52.4848,-5.0217,-0.0972,0.2930,10.0220,-0.5585,10.0369,1.0919,0.0927,1.8091,73.8722,19.2898,73.9500
40.750,45.2763,68.6201,-5.0269,-0.0973,0.2930,12.0725,0.1958,12.0740,1.0919,0.0927,1.8092,73.7628,11.3532,73.7890
40.800,55.6396,56.6998,-5.0324,-0.0974,0.2930,11.5767,0.1691,11.5778,1.0919,0.0927,1.8093,59.1372,-4.8824,59.1700
40.850,55.9365,69.0157,-5.0376,-0.0976,0.2930,12.2576,1.4622,12.3393,1.0919,0.0927,1.8095,70.5473,-10.8927,70.5887
40.900,56.2924,49.4076,-5.0432,-0.0979,0.2930,9.5203,0.6510,9.5417,1.0919,0.0926,1.8097,68.0910,33.5482,68.7639
40.950,59.5469,66.3059,-5.0486,-0.0982,0.2930,11.4263,-0.8633,11.4571,1.0919,0.0926,1.8098,58.7198,-19.5194,59.2932
41.000,53.4932,55.7403,-5.0540,-0.0984,0.2931,11.1458,-0.0719,11.1460,1.0919,0.0926,1.8101,72.8494,14.9155,72.9037
41.050,57.5983,44.4250,-5.0597,-0.0987,0.2931,9.0253,0.1862,9.0272,1.0919,0.0926,1.8102,73.8055,-35.4915,74.1249
41.100,48.6739,58.6956,-5.0652,-0.0990,0.2931,11.4437,-0.7095,11.4645,1.0919,0.0926,1.8104,58.2472,-4.2394,58.2741
41.150,53.3070,68.0845,-5.0704,-0.0991,0.2931,12.9664,1.4684,13.0438,1.0919,0.0926,1.8106,73.5055,-6.7672,73.5151
41.200,62.6820,54.9694,-5.0760,-0.0992,0.2931,11.3589,0.4662,11.3680,1.0919,0.0926,1.8107,51.0114,22.2812,52.4650
41.250,64.1279,53.3937,-5.0815,-0.0993,0.2931,10.8048,-0.7494,10.8296,1.0919,0.0926,1.8109,67.9412,-28.7093,68.4165
41.300,71.0101,38.5760,-5.0872,-0.0994,0.2930,10.3214,-0.5602,10.3359,1.0919,0.0926,1.8111,80.9225,46.4233,81.0458
41.350,66.0314,57.7911,-5.0926,-0.0997,0.2930,11.9428,-0.0533,11.9429,1.0919,0.0925,1.8113,59.2520,11.4912,59.4344
41.400,65.4139,55.4645,-5.0979,-0.0998,0.2930,11.5363,-0.1882,11.5377,1.0919,0.0925,1.8114,61.5442,7.4461,61.6042
41.450,50.1281,62.7591,-5.1033,-0.1001,0.2930,12.9330,-0.1333,12.9336,1.0919,0.0925,1.8116,71.5933,-32.2141,71.9594
41.500,55.6851,53.4353,-5.1087,-0.1003,0.2930,12.3079,1.4842,12.3918,1.0919,0.0925,1.8118,69.6197,14.5959,69.7067
41.550,58.9263,58.4880,-5.1141,-0.1005,0.2930,10.7551,-0.0368,10.7551,1.0919,0.0925,1.8120,76.0652,9.7565,76.0774
41.600,55.4842,50.7213,-5.1198,-0.1007,0.2930,11.9515,0.7020,11.9710,1.0919,0.0925,1.8122,74.9881,-11.8006,75.0106
41.650,45.1979,63.3223,-5.1251,-0.1009,0.2931,10.9937,-1.0853,11.0446,1.0919,0.0925,1.8123,77.8107,-31.4479,77.9126
41.700,70.2698,49.8339,-5.1308,-0.1011,0.2931,10.0579,-0.5008,10.0699,1.0919,0.0925,1.8125,70.6075,-19.3744,70.7435
41.750,63.4333,48.8244,-5.1364,-0.1013,0.2931,10.4974,0.8924,10.5336,1.0919,0.0925,1.8127,64.7174,19.2651,65.0136
41.800,55.7224,57.9572,-5.1418,-0.1015,0.2932,9.3335,0.0867,9.3339,1.0919,0.0925,1.8128,67.3068,18.1967,67.4970
41.850,35.9930,67.6438,-5.1472,-0.1017,0.2932,12.6453,0.4430,12.6526,1.0919,0.0925,1.8130,58.1427,-4.2231,58.1697
41.900,60.3627,64.9031,-5.1526,-0.1018,0.2932,13.3413,-0.8577,13.3669,1.0919,0.0925,1.8132,73.7731,-32.8429,74.0378
41.950,47.9425,60.1893,-5.1581,-0.1019,0.2932,11.3706,0.9489,11.4081,1.0919,0.0925,1.8133,53.3109,-12.3073,53.6681
42.000,65.2167,65.6138,-5.1635,-0.1022,0.2932,14.3751,0.8299,14.3971,1.0919,0.0925,1.8135,57.4513,29.5707,59.0311
42.050,63.7286,54.6447,-5.1690,-0.1024,0.2932,10.2162,0.0737,10.2165,1.0919,0.0925,1.8136,77.5653,36.8764,77.7269
42.100,60.6055,61.2143,-5.1745,-0.1027,0.2932,12.9248,-0.9274,12.9558,1.0919,0.0925,1.8138,78.8190,-62.7223,79.5429
42.150,67.1181,43.4701,-5.1802,-0.1030,0.2932,9.2541,1.0518,9.3116,1.0919,0.0925,1.8140,67.4512,29.1566,67.9766
42.200,59.2317,48.4691,-5.1859,-0.1032,0.2932,10.9356,-0.3457,10.9408,1.0919,0.0926,1.8141,99.5688,-151.3525,99.5293
42.250,67.5791,47.4869,-5.1915,-0.1035,0.2933,10.2148,0.7205,10.2391,1.0919,0.0926,1.8143,57.2297,-7.3245,57.3186
42.300,51.1362,53.4597,-5.1970,-0.1037,0.2933,11.3040,0.2193,11.3060,1.0919,0.0927,1.8144,60.7949,28.2150,61.8339
42.350,65.8130,54.2134,-5.2025,-0.1039,0.2933,10.6956,0.4195,10.7035,1.0919,0.0927,1.8144,78.8256,-15.6348,78.8422
42.400,64.7730,66.3118,-5.2079,-0.1041,0.2933,12.8371,-0.0056,12.8371,1.0919,0.0927,1.8145,66.2403,23.3299,66.6122
42.450,54.1683,48.2343,-5.2134,-0.1043,0.2933,9.6327,0.4681,9.6436,1.0919,0.0927,1.8146,76.1030,26.6201,76.2046
42.500,55.2892,67.3815,-5.2188,-0.1045,0.2933,12.6525,-0.7432,12.6730,1.0919,0.0927,1.8146,59.0311,13.7000,59.2981
42.550,67.7895,65.7607,-5.2241,-0.1048,0.2933,12.0765,0.0141,12.0765,1.0919,0.0927,1.8147,67.2910,11.6144,67.3661
42.600,41.8841,62.1631,-5.2296,-0.1050,0.2933,13.5785,-0.8220,13.6016,1.0919,0.0927,1.8147,68.9441,-4.0063,68.9511
42.650,56.4654,64.3562,-5.2349,-0.1053,0.2933,11.6868,-0.2076,11.6886,1.0919,0.0926,1.8148,83.1994,-44.3880,83.2448
42.700,61.3827,61.0133,-5.2404,-0.1055,0.2933,12.7694,0.8200,12.7940,1.0919,0.0926,1.8148,62.5935,-23.9715,63.1952
42.750,60.7014,49.3950,-5.2460,-0.1058,0.2933,10.1180,0.5568,10.1327,1.0919,0.0926,1.8149,68.8662,12.5194,68.9368
42.800,55.4591,45.3381,-5.2517,-0.1061,0.2933,8.1373,-0.8150,8.1769,1.0919,0.0926,1.8149,94.8920,132.3995,94.8707
42.850,66.0443,63.9858,-5.2570,-0.1063,0.2933,11.4898,0.8294,11.5182,1.0919,0.0926,1.8150,72.1313,24.1374,72.3034
42.900,59.2189,63.2380,-5.2623,-0.1065,0.2933,11.5436,-0.0588,11.5438,1.0919,0.0926,1.8150,66.2451,-27.6466,66.7873
42.950,57.4470,65.6658,-5.2677,-0.1067,0.2933,12.5620,-0.0221,12.5620,1.0919,0.0925,1.8151,79.9537,54.0342,80.2348
43.000,54.4436,56.5307,-5.2732,-0.1068,0.2933,11.2837,0.1097,11.2842,1.0919,0.0925,1.8151,61.2658,0.9015,61.2667
43.050,63.7486,46.6767,-5.2788,-0.1071,0.2933,9.1604,0.0212,9.1604,1.0919,0.0925,1.8151,91.6633,98.6602,91.6339
43.100,68.8177,40.4932,-5.2846,-0.1075,0.2933,10.0952,0.0804,10.0955,1.0919,0.0926,1.8152,67.3575,31.1773,67.9793
43.150,63.4771,59.4451,-5.2899,-0.1079,0.2933,11.9329,-1.4872,12.0200,1.0919,0.0926,1.8152,73.1456,0.4766,73.1456
43.200,63.1489,75.0105,-5.2950,-0.1082,0.2933,13.7939,-0.8353,13.8173,1.0919,0.0926,1.8152,78.9965,-16.4319,79.0141
43.250,58.1837,54.4007,-5.3005,-0.1085,0.2933,10.4548,0.3766,10.4613,1.0919,0.0926,1.8151,56.4905,6.4144,56.5633
43.300,38.0142,60.2819,-5.3059,-0.1087,0.2933,11.2809,0.3750,11.2868,1.0919,0.0926,1.8151,75.4077,3.4809,75.4095
43.350,56.2614,56.2631,-5.3114,-0.1091,0.2933,10.9215,-0.0446,10.9216,1.0919,0.0925,1.8150,77.2310,-42.6293,77.4916
43.400,64.3017,49.5078,-5.3170,-0.1093,0.2933,11.0796,1.2780,11.1495,1.0919,0.0925,1.8150,70.1124,26.3086,70.3992
43.450,43.7276,58.9501,-5.3223,-0.1096,0.2933,11.3913,-0.9285,11.4271,1.0919,0.0925,1.8150,78.0072,16.4331,78.0300
43.500,58.8875,67.0131,-5.3276,-0.1099,0.2933,12.7710,-1.2371,12.8269,1.0919,0.0925,1.8150,71.6384,5.6259,71.6475
43.550,66.4298,63.8250,-5.3329,-0.1102,0.2933,13.1174,0.9000,13.1461,1.0919,0.0925,1.8150,73.8118,-1.3058,73.8121
43.600,64.8880,56.4646,-5.3384,-0.1105,0.2933,12.3639,-0.7048,12.3828,1.0919,0.0925,1.8149,63.1505,19.0868,63.4978
43.650,58.8462,52.3501,-5.3439,-0.1108,0.2933,11.9101,-0.8714,11.9402,1.0919,0.0925,1.8149,70.1393,24.3827,70.3802
43.700,64.7936,52.8782,-5.3494,-0.1112,0.2933,11.7072,0.2960,11.7107,1.0919,0.0924,1.8148,62.1668,-25.2701,62.8736
43.750,53.8510,55.9341,-5.3549,-0.1115,0.2933,11.2312,-0.2414,11.2337,1.0919,0.0924,1.8148,84.7312,76.4473,85.0772
43.800,67.3596,54.0516,-5.3604,-0.1118,0.2933,12.3152,-0.2754,12.3181,1.0919,0.0924,1.8148,79.0209,-48.3445,79.2671
43.850,71.5085,58.4760,-5.3658,-0.1122,0.2934,12.4451,-0.9335,12.4779,1.0919,0.0924,1.8148,84.4938,60.0326,84.5687
43.900,58.8984,64.2260,-5.3712,-0.1125,0.2934,12.6811,0.2763,12.6839,1.0919,0.0925,1.8147,52.7534,9.0074,52.9522
43.950,55.7591,59.1119,-5.3766,-0.1127,0.2934,11.6481,0.8548,11.6777,1.0919,0.0925,1.8147,101.7069,-161.5534,101.6798
44.000,63.3644,60.6135,-5.3821,-0.1129,0.2934,12.5755,1.0205,12.6142,1.0919,0.0925,1.8146,79.0183,-59.8526,79.5715
44.050,69.4390,63.6055,-5.3874,-0.1131,0.2934,12.2498,-1.2052,12.3055,1.0919,0.0926,1.8145,66.1900,-11.1125,66.2691
44.100,55.9598,49.0944,-5.3930,-0.1133,0.2934,8.3527,-0.4386,8.3639,1.0919,0.0926,1.8145,43.5012,-19.5566,45.3788
44.150,51.8228,47.5656,-5.3986,-0.1135,0.2934,9.4464,-0.1652,9.4478,1.0919,0.0926,1.8144,67.4018,20.1233,67.6345
44.200,65.9793,58.3796,-5.4040,-0.1138,0.2934,12.8451,0.3047,12.8485,1.0919,0.0926,1.8143,72.7781,-32.1992,73.0787
44.250,64.6703,69.0019,-5.4090,-0.1141,0.2934,11.5018,0.5997,11.5166,1.0919,0.0926,1.8142,61.3357,45.1367,64.3987
44.300,58.5489,68.0260,-5.4144,-0.1143,0.2934,14.2537,0.0665,14.2538,1.0919,0.0926,1.8141,83.3051,59.9044,83.4372
44.350,53.9013,70.4805,-5.4196,-0.1145,0.2934,11.4254,-0.8911,11.4583,1.0919,0.0926,1.8141,63.0431,-7.9288,63.1009
44.400,53.2327,60.6568,-5.4250,-0.1148,0.2934,12.1954,-1.2289,12.2535,1.0919,0.0926,1.8139,64.8902,20.6387,65.2263
44.450,55.2185,42.6082,-5.4306,-0.1152,0.2934,7.4214,0.4116,7.4326,1.0919,0.0926,1.8139,83.5997,48.7402,83.6510
44.500,57.6153,65.4221,-5.4360,-0.1156,0.2934,11.7939,-1.5599,11.8909,1.0919,0.0926,1.8137,50.4843,-26.5759,52.6763
44.550,63.6092,49.7818,-5.4415,-0.1160,0.2934,10.3178,-1.3170,10.3979,1.0919,0.0925,1.8137,87.5660,86.5301,88.0066
44.600,69.5201,55.3013,-5.4469,-0.1164,0.2934,11.0645,-1.1135,11.1177,1.0919,0.0925,1.8136,76.1382,-54.0096,76.8488
44.650,53.7710,43.8899,-5.4525,-0.1168,0.2934,8.6031,0.8634,8.6451,1.0919,0.0925,1.8136,70.3900,14.6594,70.4682
44.700,47.4344,64.6021,-5.4578,-0.1172,0.2934,10.5951,-0.4363,10.6036,1.0919,0.0925,1.8135,60.4316,-2.6826,60.4403
44.750,56.7292,69.0705,-5.4630,-0.1175,0.2934,12.5268,1.3054,12.5904,1.0919,0.0926,1.8134,86.9620,81.0915,87.1222
44.800,57.8655,59.9169,-5.4684,-0.1178,0.2935,12.5771,-0.0445,12.5771,1.0919,0.0926,1.8133,54.1204,-10.4941,54.3622
44.850,60.3222,36.0601,-5.4742,-0.1181,0.2935,6.6186,0.4057,6.6308,1.0919,0.0926,1.8133,42.9896,-7.7216,43.2889
44.900,67.6124,54.6795,-5.4797,-0.1185,0.2934,11.2711,0.1053,11.2716,1.0919,0.0926,1.8132,65.3876,44.5821,67.3385
44.950,61.4453,60.2985,-5.4850,-0.1188,0.2934,13.3174,0.2339,13.3193,1.0919,0.0926,1.8131,78.3670,-62.4724,79.1606
45.000,68.4973,58.3091,-5.4904,-0.1190,0.2935,9.8984,-1.2460,9.9735,1.0919,0.0926,1.8130,83.0396,-63.2923,83.2341
45.050,60.0352,52.7690,-5.4959,-0.1192,0.2935,9.1669,-0.9250,9.2119,1.0919,0.0926,1.8129,61.5498,29.7532,62.6351
45.100,51.7019,56.1495,-5.5013,-0.1196,0.2935,11.3272,-0.8656,11.3586,1.0919,0.0926,1.8128,55.0696,12.0352,55.3639
45.150,34.3688,61.4546,-5.5066,-0.1199,0.2935,11.0274,-1.2837,11.0982,1.0919,0.0926,1.8127,78.2758,28.4788,78.3474
45.200,60.2836,68.7224,-5.5119,-0.1203,0.2935,16.1735,-0.5410,16.1816,1.0919,0.0926,1.8127,86.5313,11.2650,86.5315
45.250,73.6463,60.7413,-5.5170,-0.1206,0.2934,12.1036,-0.3529,12.1085,1.0919,0.0926,1.8126,80.1846,53.7185,80.4415
45.300,62.4036,47.5008,-5.5226,-0.1209,0.2934,8.4097,0.2500,8.4133,1.0919,0.0926,1.8125,61.1721,-41.8719,63.7295
45.350,57.2896,57.9186,-5.5280,-0.1211,0.2934,10.3823,0.6493,10.4017,1.0919,0.0926,1.8124,60.2492,25.9049,61.1567
45.400,50.8116,58.6310,-5.5333,-0.1214,0.2934,12.1102,-0.4789,12.1191,1.0919,0.0926,1.8123,63.1854,14.9621,63.3934
45.450,74.7667,68.2342,-5.5385,-0.1217,0.2934,12.0372,-0.3981,12.0434,1.0919,0.0926,1.8122,82.3745,29.3103,82.3957
45.500,67.1047,50.4527,-5.5439,-0.1221,0.2934,9.5791,0.1449,9.5802,1.0919,0.0926,1.8122,71.3732,-16.9852,71.4645
45.550,51.8436,64.2853,-5.5492,-0.1224,0.2934,11.9714,-0.2849,11.9746,1.0919,0.0926,1.8121,68.3258,18.7499,68.5026
45.600,38.8581,63.0887,-5.5545,-0.1227,0.2934,12.4981,0.3205,12.5020,1.0919,0.0926,1.8120,68.1669,26.3804,68.5472
45.650,63.8319,45.0720,-5.5600,-0.1230,0.2934,9.8090,-0.4034,9.8169,1.0919,0.0926,1.8119,74.6736,57.6102,75.8781
45.700,69.8333,58.2149,-5.5654,-0.1234,0.2934,11.7936,0.0441,11.7937,1.0919,0.0926,1.8118,81.7808,11.4143,81.7842
45.750,51.2078,64.0021,-5.5706,-0.1238,0.2934,12.0401,-0.7400,12.0615,1.0919,0.0926,1.8118,65.5510,6.3029,65.5781
45.800,55.2697,61.1707,-5.5759,-0.1240,0.2934,12.3519,-0.4522,12.3597,1.0919,0.0926,1.8117,82.9700,-70.2678,83.3484
45.850,71.6234,46.1401,-5.5814,-0.1243,0.2933,9.4084,-0.9619,9.4557,1.0919,0.0926,1.8116,89.9460,85.2933,89.9460
45.900,51.0397,64.3274,-5.5868,-0.1246,0.2934,11.7390,1.0563,11.7838,1.0919,0.0926,1.8116,50.0148,4.6709,50.0809
45.950,75.2010,62.0619,-5.5921,-0.1248,0.2935,11.8451,0.0103,11.8451,1.0919,0.0926,1.8115,64.9227,-11.1082,65.0150
46.000,43.1941,62.4391,-5.5975,-0.1251,0.2934,13.3797,0.3697,13.3844,1.0919,0.0926,1.8114,63.4864,29.2979,64.3399
46.050,61.2674,44.8540,-5.6031,-0.1254,0.2935,8.6039,0.0647,8.6041,1.0919,0.0926,1.8114,69.4150,17.2770,69.5425
46.100,68.5446,56.8757,-5.6086,-0.1258,0.2935,11.9250,-1.2516,11.9868,1.0919,0.0926,1.8113,63.2970,31.4812,64.3252
46.150,71.5422,64.5656,-5.6138,-0.1261,0.2935,12.1210,0.4997,12.1307,1.0919,0.0926,1.8113,56.1828,-37.7193,59.2564
46.200,59.4025,59.4136,-5.6192,-0.1263,0.2935,12.2067,0.2647,12.2094,1.0919,0.0926,1.8112,62.1098,27.7837,62.9873
46.250,64.0891,56.2270,-5.6246,-0.1267,0.2935,10.5330,-0.6686,10.5532,1.0919,0.0926,1.8112,80.9195,65.6213,81.4286
46.300,44.1366,45.7610,-5.6303,-0.1272,0.2935,10.0397,-0.2900,10.0437,1.0919,0.0926,1.8111,70.3052,-27.8751,70.6231
46.350,52.6395,58.5919,-5.6357,-0.1277,0.2935,12.0129,-0.4109,12.0195,1.0919,0.0926,1.8111,96.9301,-156.0016,96.9201
46.400,66.3489,58.9104,-5.6411,-0.1281,0.2935,12.5314,0.5597,12.5431,1.0919,0.0926,1.8110,56.6695,-17.8526,57.2441
46.450,68.3592,49.0463,-5.6465,-0.1285,0.2935,9.5057,-1.0398,9.5603,1.0919,0.0926,1.8110,72.6785,25.6832,72.8588
46.500,56.5739,67.0121,-5.6519,-0.1289,0.2935,14.5977,0.7114,14.6136,1.0919,0.0925,1.8109,93.2876,97.6244,93.0217
46.550,48.9434,58.3837,-5.6572,-0.1291,0.2936,10.7211,-1.2627,10.7918,1.0919,0.0925,1.8109,77.7217,63.4306,78.7143
46.600,74.0694,56.7130,-5.6627,-0.1293,0.2936,10.2784,0.5760,10.2938,1.0919,0.0925,1.8109,97.3059,142.6536,97.2715
46.650,59.4693,63.1454,-5.6680,-0.1296,0.2936,11.2524,-0.6712,11.2713,1.0919,0.0925,1.8109,64.6681,-46.4441,67.0345
46.700,41.1120,57.7673,-5.6735,-0.1298,0.2936,10.6977,-0.0885,10.6981,1.0919,0.0925,1.8109,59.0953,38.1275,61.5519
46.750,62.4353,68.2881,-5.6788,-0.1301,0.2936,13.4370,0.5972,13.4493,1.0919,0.0925,1.8109,55.3860,16.9635,55.9646
46.800,55.5418,67.1599,-5.6840,-0.1304,0.2936,11.9099,-1.6516,12.0175,1.0919,0.0925,1.8108,42.8386,32.4130,48.3365
46.850,59.3838,48.3092,-5.6896,-0.1308,0.2936,10.1577,-0.3860,10.1648,1.0919,0.0925,1.8108,91.5059,-108.7473,91.5014
46.900,69.0125,61.5060,-5.6950,-0.1312,0.2936,11.6141,-0.8670,11.6447,1.0919,0.0925,1.8109,76.7383,54.6846,77.3941
46.950,35.4217,49.7837,-5.7004,-0.1315,0.2935,10.2046,0.5442,10.2185,1.0919,0.0926,1.8108,55.1356,-15.7685,55.6441
47.000,62.1025,67.1269,-5.7057,-0.1319,0.2935,13.5311,-0.6111,13.5439,1.0919,0.0926,1.8109,61.8391,-42.9367,64.3977
47.050,70.0529,55.3290,-5.7111,-0.1322,0.2935,11.9898,-0.0277,11.9898,1.0919,0.0926,1.8109,90.2336,-91.0041,90.2275
47.100,70.7963,58.0222,-5.7165,-0.1326,0.2935,10.8376,-0.5607,10.8514,1.0919,0.0926,1.8108,48.5421,-30.2976,51.8678
47.150,54.5514,45.1002,-5.7220,-0.1330,0.2934,8.8596,0.6090,8.8798,1.0919,0.0927,1.8108,88.2230,-78.0515,88.2418
47.200,66.7873,49.0275,-5.7275,-0.1334,0.2934,10.1246,-0.9368,10.1661,1.0919,0.0927,1.8108,49.3360,-22.9839,51.0918
47.250,67.9143,52.3905,-5.7330,-0.1338,0.2934,10.6140,-1.0547,10.6639,1.0919,0.0927,1.8107,52.2883,39.3723,56.8602
47.300,63.9797,45.9543,-5.7385,-0.1342,0.2934,9.2919,0.1104,9.2925,1.0919,0.0927,1.8107,73.3145,47.8983,74.1192
47.350,67.7769,61.2329,-5.7439,-0.1347,0.2934,13.4076,-3.7978,13.8983,1.0919,0.0927,1.8107,53.0854,39.5064,57.4362
47.400,52.1195,75.8400,-5.7490,-0.1350,0.2935,14.3782,-0.0247,14.3782,1.0919,0.0926,1.8107,78.3447,-28.7227,78.4165
47.450,56.6394,74.2854,-5.7542,-0.1353,0.2935,14.0723,1.3494,14.1318,1.0919,0.0926,1.8107,79.9193,-51.1103,80.1509
47.500,54.2896,54.3253,-5.7597,-0.1356,0.2935,10.3413,-0.6693,10.3620,1.0919,0.0926,1.8107,66.2746,-7.2040,66.3071
47.550,54.4711,57.3515,-5.7652,-0.1359,0.2935,11.2260,0.5870,11.2406,1.0919,0.0926,1.8107,85.4071,47.0170,85.4240
47.600,53.7782,66.0052,-5.7704,-0.1361,0.2935,11.8127,-0.1408,11.8135,1.0919,0.0926,1.8107,55.4114,-28.3325,57.1240
47.650,51.0478,61.9311,-5.7758,-0.1364,0.2935,11.9817,-1.9830,12.1354,1.0919,0.0926,1.8107,58.6401,12.8416,58.8830
47.700,67.0388,60.4101,-5.7812,-0.1367,0.2935,10.5405,0.1004,10.5409,1.0919,0.0926,1.8107,69.6421,-7.1422,69.6623
47.750,58.6558,70.2297,-5.7864,-0.1370,0.2934,12.0004,0.6264,12.0158,1.0919,0.0926,1.8107,81.7872,-58.3509,82.0006
47.800,50.0997,71.2150,-5.7916,-0.1373,0.2934,14.1340,-1.7183,14.2299,1.0919,0.0925,1.8107,63.8476,37.9627,65.3671
47.850,58.6278,59.3796,-5.7969,-0.1376,0.2934,11.0804,-1.3331,11.1564,1.0919,0.0925,1.8107,79.1771,-45.9360,79.3775
47.900,72.2769,56.8642,-5.8024,-0.1379,0.2934,11.5400,-1.2122,11.6001,1.0919,0.0925,1.8108,54.4246,31.0183,56.6917
47.950,73.3513,49.9760,-5.8080,-0.1382,0.2934,9.9953,-0.1820,9.9969,1.0919,0.0925,1.8108,75.8218,-17.2926,75.8637
48.000,67.6734,58.3053,-5.8133,-0.1384,0.2934,11.0926,-0.9925,11.1347,1.0919,0.0925,1.8109,81.5668,-13.1135,81.5717
48.050,79.3162,37.2004,-5.8189,-0.1387,0.2933,7.0089,-0.4495,7.0230,1.0919,0.0925,1.8109,88.7266,-83.3829,88.7494
48.100,54.9907,55.8595,-5.8244,-0.1390,0.2933,10.7656,-0.3650,10.7714,1.0919,0.0925,1.8110,92.5817,-99.1804,92.4868
48.150,59.1040,46.7960,-5.8298,-0.1393,0.2933,9.7718,0.2799,9.7756,1.0919,0.0925,1.8110,50.5082,47.4711,58.4907
48.200,59.3223,58.8224,-5.8352,-0.1397,0.2933,11.0672,-0.2280,11.0694,1.0919,0.0925,1.8111,100.2905,114.8069,99.5918
48.250,60.4564,71.4458,-5.8403,-0.1400,0.2934,12.5830,-2.2751,12.7743,1.0919,0.0925,1.8111,59.1618,-51.8139,64.5669
48.300,62.4233,54.7539,-5.8457,-0.1404,0.2934,9.4850,-0.3281,9.4904,1.0919,0.0925,1.8112,90.3405,90.7018,90.3063
48.350,62.0858,57.9725,-5.8512,-0.1409,0.2934,10.9067,-0.3648,10.9125,1.0919,0.0925,1.8112,75.7154,50.6596,76.3337
48.400,47.5848,61.7885,-5.8565,-0.1414,0.2934,11.1268,-0.9681,11.1667,1.0919,0.0925,1.8113,68.4737,-45.3383,69.8802
48.450,55.6224,82.0498,-5.8615,-0.1419,0.2934,14.2282,-0.6248,14.2408,1.0919,0.0925,1.8113,71.8780,20.6897,72.0060
48.500,45.8549,49.6706,-5.8670,-0.1423,0.2933,9.9035,-0.6980,9.9271,1.0919,0.0925,1.8114,85.7672,4.5956,85.7673
48.550,58.6014,51.8897,-5.8725,-0.1429,0.2933,9.6670,-0.1424,9.6680,1.0919,0.0926,1.8114,64.6450,22.1187,65.0465
48.600,68.2800,55.4939,-5.8780,-0.1433,0.2933,10.0047,0.6792,10.0268,1.0919,0.0926,1.8115,43.9794,-21.4304,46.1718
48.650,63.5990,54.4256,-5.8834,-0.1438,0.2933,9.9647,-1.1893,10.0327,1.0919,0.0926,1.8115,102.7914,118.5715,101.8353
48.700,59.0330,67.0324,-5.8887,-0.1442,0.2933,11.0987,-1.4800,11.1921,1.0919,0.0926,1.8116,58.6225,-25.8781,59.6806
48.750,52.4318,62.1755,-5.8941,-0.1445,0.2933,11.7776,1.2147,11.8367,1.0919,0.0926,1.8116,59.5971,25.7075,60.5480
48.800,67.7125,54.4267,-5.8996,-0.1448,0.2933,11.7422,-0.0720,11.7424,1.0919,0.0926,1.8117,90.1510,91.3038,90.1500
48.850,59.9413,64.6324,-5.9050,-0.1452,0.2933,12.6288,-0.9829,12.6646,1.0919,0.0926,1.8117,60.1750,-50.2594,64.7344
48.900,74.1554,47.0442,-5.9106,-0.1455,0.2934,8.5048,-0.0261,8.5049,1.0919,0.0926,1.8117,48.8973,23.9731,50.8759
48.950,48.3886,54.0786,-5.9162,-0.1459,0.2934,9.7000,-0.1053,9.7005,1.0919,0.0925,1.8118,79.0079,-5.6846,79.0099
49.000,59.5449,71.4040,-5.9214,-0.1463,0.2933,13.2289,-1.5731,13.3156,1.0919,0.0925,1.8118,52.2629,18.4160,53.1507
49.050,60.5604,53.8363,-5.9268,-0.1467,0.2933,10.5523,-1.4499,10.6471,1.0919,0.0925,1.8119,76.5523,12.8851,76.5717
49.100,67.4683,58.7392,-5.9323,-0.1470,0.2933,10.3879,-1.3527,10.4718,1.0919,0.0925,1.8120,76.1810,9.3273,76.1918
49.150,71.0476,65.0920,-5.9376,-0.1475,0.2933,12.8861,-1.8867,13.0145,1.0919,0.0925,1.8121,72.6437,33.5148,72.9830
49.200,55.9303,60.4171,-5.9430,-0.1479,0.2933,10.5433,-0.4348,10.5519,1.0919,0.0925,1.8121,73.7222,28.0424,73.9055
49.250,50.8409,54.3171,-5.9485,-0.1483,0.2933,9.0544,-0.9418,9.1016,1.0919,0.0926,1.8122,79.6199,46.1724,79.8000
49.300,60.2212,70.6422,-5.9539,-0.1486,0.2933,12.9961,1.3471,13.0611,1.0919,0.0926,1.8122,68.4472,-49.5356,70.2815
49.350,68.8302,52.9796,-5.9594,-0.1489,0.2933,10.5784,-1.6360,10.6986,1.0919,0.0926,1.8123,80.0576,47.7728,80.2345
49.400,71.9308,66.0040,-5.9648,-0.1492,0.2933,13.0919,-1.2631,13.1486,1.0919,0.0926,1.8123,64.2112,40.5847,65.9418
49.450,61.6241,63.5791,-5.9701,-0.1494,0.2932,12.2450,-1.4525,12.3257,1.0919,0.0926,1.8124,74.2172,40.3216,74.6318
49.500,51.0667,56.1205,-5.9756,-0.1495,0.2932,11.9893,-0.9510,12.0248,1.0919,0.0926,1.8124,74.3877,-40.1790,74.7854
49.550,54.7305,49.3246,-5.9812,-0.1497,0.2932,9.7102,-2.2365,9.9549,1.0919,0.0925,1.8124,70.8299,49.4192,72.1448
49.600,53.1009,66.3399,-5.9865,-0.1499,0.2932,12.0143,-0.0234,12.0143,1.0919,0.0925,1.8125,65.2018,48.9635,67.7999
49.650,61.8374,49.6617,-5.9921,-0.1501,0.2932,11.1854,-1.5746,11.2902,1.0919,0.0925,1.8126,86.4850,-75.1167,86.5751
49.700,71.0378,73.3720,-5.9974,-0.1504,0.2933,13.9335,-1.2049,13.9815,1.0919,0.0925,1.8127,94.9154,102.8208,94.5995
49.750,69.9295,65.7562,-6.0028,-0.1506,0.2932,14.7293,-2.0894,14.8642,1.0919,0.0925,1.8127,36.8562,-8.3490,37.3746
49.800,54.1641,79.5704,-6.0079,-0.1508,0.2932,13.2374,-0.9521,13.2692,1.0919,0.0926,1.8128,97.7092,122.9126,97.5478
49.850,65.7580,55.8689,-6.0134,-0.1510,0.2932,10.4154,-0.9097,10.4533,1.0919,0.0926,1.8128,48.9577,2.4300,48.9771
49.900,58.8337,39.4247,-6.0193,-0.1513,0.2932,8.9762,-0.7054,9.0030,1.0919,0.0926,1.8128,69.5418,43.5209,70.6264
49.950,67.1592,54.1044,-6.0248,-0.1517,0.2932,10.7734,-0.4013,10.7805,1.0919,0.0926,1.8129,81.0541,22.9432,81.0736
50.000,37.6711,51.7566,-6.0303,-0.1520,0.2932,11.0579,-1.0301,11.1034,1.0919,0.0926,1.8129,78.8648,60.1899,79.4550
50.050,75.4393,55.1461,-6.0358,-0.1523,0.2932,10.4254,-0.2879,10.4292,1.0919,0.0926,1.8129,69.6981,-9.9401,69.7372
50.100,72.6026,75.5694,-6.0411,-0.1527,0.2932,13.4952,-1.6460,13.5881,1.0919,0.0926,1.8130,57.2433,-5.9526,57.3018
50.150,57.2587,51.0622,-6.0466,-0.1531,0.2932,7.6207,-0.3694,7.6294,1.0919,0.0926,1.8130,63.1206,-31.5350,64.1728
50.200,70.0622,70.4680,-6.0520,-0.1535,0.2932,11.8814,-0.1032,11.8818,1.0919,0.0926,1.8130,74.0438,51.0630,74.9151
50.250,60.9806,66.3183,-6.0574,-0.1538,0.2932,12.0797,0.2719,12.0826,1.0919,0.0926,1.8131,65.9108,36.7302,67.0175
50.300,69.5472,50.1749,-6.0630,-0.1542,0.2932,8.4147,-0.5944,8.4351,1.0919,0.0926,1.8131,76.1833,-53.4995,76.8634
50.350,65.5867,55.6209,-6.0686,-0.1545,0.2932,10.0995,-1.5959,10.2197,1.0919,0.0926,1.8131,78.4784,6.1112,78.4811
50.400,53.9509,61.1867,-6.0741,-0.1548,0.2932,11.5438,-0.6597,11.5617,1.0919,0.0926,1.8131,72.7527,1.8088,72.7535
50.450,47.8375,66.5902,-6.0795,-0.1550,0.2932,12.2162,-1.1244,12.2648,1.0919,0.0926,1.8131,79.9785,13.1316,79.9868
50.500,61.8824,48.7201,-6.0852,-0.1552,0.2932,9.4465,-0.2818,9.4505,1.0919,0.0926,1.8131,78.9024,-41.5606,79.0625
50.550,70.6180,75.8660,-6.0905,-0.1556,0.2932,14.2359,0.3544,14.2399,1.0919,0.0926,1.8131,82.3065,60.6460,82.5168
50.600,58.2076,62.6640,-6.0959,-0.1559,0.2932,12.0771,0.1822,12.0784,1.0919,0.0926,1.8131,66.1913,-26.0507,66.6687
50.650,65.1427,55.4337,-6.1014,-0.1563,0.2931,10.8282,-1.8399,10.9762,1.0919,0.0926,1.8131,68.9552,-15.7066,69.0667
50.700,50.2166,58.6308,-6.1070,-0.1567,0.2931,10.2392,0.3922,10.2464,1.0919,0.0926,1.8131,59.8300,-21.4344,60.4580
50.750,56.6158,62.6354,-6.1124,-0.1571,0.2931,11.9247,-1.8428,12.0583,1.0919,0.0926,1.8131,91.2907,-94.9006,91.2484
50.800,55.5271,71.2884,-6.1177,-0.1574,0.2931,12.6989,0.5432,12.7098,1.0919,0.0926,1.8131,80.2931,-60.9220,80.7145
50.850,58.8383,60.2554,-6.1232,-0.1577,0.2931,11.6923,-1.2539,11.7557,1.0919,0.0926,1.8131,63.8104,-10.2103,63.8990
50.900,65.0145,38.5211,-6.1289,-0.1581,0.2931,6.5661,-0.5660,6.5900,1.0919,0.0926,1.8131,79.7250,49.4491,79.9435
50.950,65.6863,63.2502,-6.1344,-0.1584,0.2931,12.6367,-0.3172,12.6405,1.0919,0.0926,1.8131,72.8625,48.6883,73.7767
51.000,57.7707,48.5289,-6.1399,-0.1587,0.2930,8.9751,-0.5737,8.9929,1.0919,0.0925,1.8130,45.4815,-7.2256,45.7024
51.050,56.7430,61.2574,-6.1454,-0.1590,0.2930,10.7059,-0.8176,10.7357,1.0919,0.0925,1.8131,74.0854,-3.6514,74.0879
51.100,68.8401,74.7528,-6.1506,-0.1592,0.2930,13.0538,-0.9894,13.0887,1.0919,0.0925,1.8131,71.2093,-54.2516,72.9013
51.150,61.8852,60.7544,-6.1561,-0.1593,0.2931,10.1361,-1.0498,10.1881,1.0919,0.0925,1.8131,38.1388,4.4878,38.2772
51.200,64.5340,52.8440,-6.1618,-0.1596,0.2931,10.7358,-1.8607,10.8885,1.0919,0.0925,1.8131,95.1784,-109.4148,95.0161
51.250,59.0539,55.8585,-6.1674,-0.1599,0.2931,11.6430,-1.4263,11.7253,1.0919,0.0925,1.8131,71.9940,-16.6700,72.0733
51.300,46.5390,58.8320,-6.1729,-0.1603,0.2931,11.6197,-0.9171,11.6539,1.0919,0.0925,1.8131,54.4766,-28.0851,56.2912
51.350,63.1987,43.4733,-6.1785,-0.1607,0.2931,7.5922,-0.9028,7.6444,1.0919,0.0925,1.8130,83.2209,75.3234,83.8220
51.400,58.0764,62.5998,-6.1840,-0.1611,0.2931,10.9576,-1.5129,11.0566,1.0919,0.0925,1.8130,65.4802,-35.6341,66.5606
51.450,60.9558,64.2077,-6.1894,-0.1614,0.2932,10.8988,0.2929,10.9025,1.0919,0.0925,1.8130,73.5304,64.8321,75.9514
51.500,73.5866,62.8903,-6.1948,-0.1617,0.2932,11.2782,-1.3972,11.3601,1.0919,0.0925,1.8130,55.8606,-32.9560,58.1711
51.550,67.2892,45.8057,-6.2006,-0.1621,0.2932,9.3873,-0.1731,9.3888,1.0919,0.0926,1.8129,58.5907,-39.9236,61.4649
51.600,41.3420,57.3294,-6.2062,-0.1625,0.2932,12.7878,-0.1600,12.7887,1.0919,0.0926,1.8129,32.0425,19.9859,35.9006
51.650,74.0025,48.5799,-6.2118,-0.1628,0.2932,9.2479,-0.8447,9.2850,1.0919,0.0926,1.8129,45.7766,-31.6963,50.1656
51.700,60.5893,64.7133,-6.2172,-0.1632,0.2932,10.5448,-0.5730,10.5596,1.0919,0.0926,1.8129,80.7815,78.9459,82.8842
51.750,70.4276,78.2430,-6.2224,-0.1635,0.2932,12.5459,-2.3174,12.7450,1.0919,0.0926,1.8128,75.1256,-42.8223,75.5384
51.800,41.2059,70.7741,-6.2279,-0.1637,0.2932,13.1011,-0.9547,13.1334,1.0919,0.0926,1.8128,55.7120,36.1387,58.6014
51.850,57.6188,54.7085,-6.2335,-0.1639,0.2932,9.2586,-0.8143,9.2931,1.0919,0.0926,1.8128,46.4440,-15.9576,47.4631
51.900,67.0826,57.7476,-6.2391,-0.1642,0.2932,10.2883,-1.7955,10.4373,1.0919,0.0926,1.8127,83.4510,-55.8894,83.5423
51.950,53.8040,49.3567,-6.2448,-0.1645,0.2931,8.5704,-0.2961,8.5753,1.0919,0.0926,1.8127,77.3355,44.9335,77.6327
52.000,74.3249,56.8165,-6.2504,-0.1649,0.2931,11.6505,-2.0647,11.8223,1.0919,0.0926,1.8127,87.6318,83.3335,87.7673
52.050,47.5194,79.1420,-6.2555,-0.1652,0.2931,12.7268,-0.1526,12.7276,1.0919,0.0926,1.8126,83.9739,-43.0343,84.0028
52.100,64.7363,59.8619,-6.2610,-0.1655,0.2931,11.7294,-0.9592,11.7664,1.0919,0.0926,1.8126,77.9660,64.3530,78.9748
52.150,72.5596,59.4705,-6.2665,-0.1658,0.2931,11.4178,0.0388,11.4178,1.0919,0.0926,1.8125,75.4782,-33.4668,75.6779
52.200,49.4825,59.0777,-6.2720,-0.1661,0.2931,10.7223,-2.2620,10.9476,1.0919,0.0926,1.8125,52.7702,15.9255,53.4022
52.250,68.3230,55.3191,-6.2777,-0.1664,0.2931,11.0474,-1.5296,11.1477,1.0919,0.0926,1.8125,94.3280,156.6988,94.3258
52.300,74.2108,65.4834,-6.2831,-0.1667,0.2931,13.3192,-1.4067,13.3881,1.0919,0.0926,1.8124,89.2978,86.7020,89.3131
52.350,53.7493,44.8674,-6.2889,-0.1670,0.2932,7.8266,0.1363,7.8277,1.0919,0.0926,1.8124,69.5188,42.5915,70.5434
52.400,45.5112,74.9803,-6.2943,-0.1674,0.2932,14.9456,0.1904,14.9467,1.0919,0.0926,1.8123,91.9917,-111.5531,91.9841
52.450,73.0393,60.6282,-6.2997,-0.1677,0.2932,11.1505,-1.0721,11.1993,1.0919,0.0926,1.8123,55.2832,13.9524,55.6738
52.500,57.9624,39.1901,-6.3056,-0.1681,0.2932,9.0775,-1.2546,9.1609,1.0919,0.0926,1.8122,77.8489,61.6011,78.6880
52.550,73.5744,76.8255,-6.3109,-0.1684,0.2932,14.4201,-0.6357,14.4330,1.0919,0.0926,1.8122,52.0423,-19.1850,53.0255
52.600,59.9686,58.5254,-6.3163,-0.1686,0.2932,8.8885,-0.2006,8.8907,1.0919,0.0926,1.8122,62.2420,-7.0444,62.2918
52.650,62.5426,43.7848,-6.3222,-0.1689,0.2932,7.6869,-1.4673,7.8224,1.0919,0.0926,1.8121,74.9174,56.5236,75.9871
52.700,65.3162,70.4368,-6.3276,-0.1692,0.2933,13.1242,-0.0053,13.1242,1.0919,0.0926,1.8121,71.5829,38.0438,72.1397
52.750,49.0685,59.6579,-6.3331,-0.1694,0.2933,11.8442,0.2172,11.8461,1.0919,0.0926,1.8120,54.2681,-33.0679,56.9162
52.800,64.8133,55.9368,-6.3387,-0.1696,0.2933,10.2118,0.6212,10.2299,1.0919,0.0926,1.8120,93.6245,94.9026,92.9170
52.850,59.3339,64.0677,-6.3441,-0.1698,0.2933,11.3423,-0.3797,11.3483,1.0919,0.0926,1.8120,52.1321,-17.3137,52.9218
52.900,45.7425,63.4667,-6.3495,-0.1698,0.2933,11.4753,-0.3583,11.4806,1.0919,0.0926,1.8119,69.0770,58.5381,72.0355
52.950,61.5593,59.3706,-6.3550,-0.1699,0.2932,11.6458,-1.5597,11.7442,1.0919,0.0926,1.8119,61.1915,-46.5792,64.5695
53.000,75.9472,64.8014,-6.3605,-0.1700,0.2933,11.7202,-1.3749,11.7962,1.0919,0.0925,1.8118,73.4662,-40.1630,73.9360
53.050,46.2359,70.0528,-6.3659,-0.1702,0.2933,12.7222,-0.6073,12.7358,1.0919,0.0925,1.8118,60.4801,40.4358,62.9797
53.100,71.6725,60.4354,-6.3714,-0.1705,0.2933,11.7063,0.2819,11.7096,1.0919,0.0925,1.8117,107.4416,-129.0727,106.3309
53.150,70.9102,61.4706,-6.3769,-0.1707,0.2933,10.7840,-0.4794,10.7942,1.0919,0.0925,1.8117,46.7400,22.9751,48.8452
53.200,67.0177,51.7743,-6.3825,-0.1709,0.2933,10.4031,-1.0847,10.4570,1.0919,0.0925,1.8117,73.4086,-11.5878,73.4378
53.250,54.3799,49.0264,-6.3882,-0.1712,0.2933,11.5468,-0.2943,11.5503,1.0919,0.0925,1.8118,97.1563,-136.6758,97.1071
53.300,75.2868,62.4668,-6.3936,-0.1715,0.2933,12.1443,-1.1683,12.1970,1.0919,0.0925,1.8117,93.4314,122.4545,93.4163
53.350,46.4202,61.1118,-6.3990,-0.1718,0.2933,11.7285,-1.2002,11.7864,1.0919,0.0925,1.8117,53.7380,-28.0059,55.6518
53.400,60.1760,66.5481,-6.4045,-0.1721,0.2933,15.0310,-2.0869,15.1624,1.0919,0.0926,1.8117,47.6824,-0.0494,47.6824
53.450,75.9631,61.8307,-6.4098,-0.1723,0.2933,10.8788,-0.6503,10.8973,1.0919,0.0926,1.8116,50.2485,2.8728,50.2730
53.500,68.5374,61.1907,-6.4154,-0.1725,0.2933,11.4426,-1.1354,11.4959,1.0919,0.0926,1.8116,78.3344,-15.8908,78.3539
53.550,50.7273,55.9274,-6.4210,-0.1727,0.2933,12.0900,0.1305,12.0906,1.0919,0.0926,1.8115,89.9982,-89.9951,89.9983
53.600,62.9532,64.2262,-6.4263,-0.1730,0.2933,9.6291,-0.5885,9.6464,1.0919,0.0926,1.8115,68.0936,-1.5220,68.0948
53.650,73.2851,59.3415,-6.4319,-0.1732,0.2933,10.0539,-0.9810,10.0998,1.0919,0.0926,1.8115,89.4203,81.6498,89.4217
53.700,61.6788,57.3623,-6.4374,-0.1734,0.2933,10.4724,-0.0712,10.4726,1.0919,0.0926,1.8114,59.5304,-25.6912,60.4861
53.750,66.8061,66.4646,-6.4427,-0.1737,0.2933,11.4766,-0.1538,11.4775,1.0919,0.0926,1.8114,64.7982,16.3894,65.0070
53.800,52.0207,62.6997,-6.4482,-0.1739,0.2933,12.7364,1.0386,12.7760,1.0919,0.0926,1.8114,83.1638,-34.3662,83.1864
53.850,61.1173,59.9327,-6.4537,-0.1741,0.2933,11.4381,-0.6194,11.4539,1.0919,0.0926,1.8114,95.0812,101.3364,94.6468
53.900,68.1087,63.8623,-6.4592,-0.1744,0.2933,11.0537,-0.5047,11.0646,1.0919,0.0926,1.8113,63.8989,-28.2276,64.6481
53.950,43.9601,74.1432,-6.4645,-0.1746,0.2933,13.3677,0.4646,13.3752,1.0919,0.0926,1.8113,75.0924,43.9589,75.5406
54.000,59.5350,62.2099,-6.4700,-0.1748,0.2934,14.3249,-2.1148,14.4677,1.0919,0.0926,1.8113,61.3732,-51.1254,65.6783
54.050,75.2292,48.8221,-6.4756,-0.1750,0.2934,8.3144,-0.3823,8.3230,1.0919,0.0926,1.8113,66.9943,48.9558,69.1117
54.100,64.8670,76.6684,-6.4810,-0.1753,0.2934,14.8199,-1.2355,14.8669,1.0919,0.0926,1.8113,60.9616,-19.9034,61.4406
54.150,69.9274,65.6504,-6.4863,-0.1755,0.2934,11.8323,-1.4401,11.9148,1.0919,0.0926,1.8113,54.6764,-31.0362,56.9010
54.200,55.2794,54.7781,-6.4920,-0.1755,0.2934,11.3774,0.8775,11.4094,1.0919,0.0926,1.8113,89.9118,-88.1515,89.9119
54.250,63.4876,39.4097,-6.4978,-0.1757,0.2934,8.6495,-0.8522,8.6901,1.0919,0.0926,1.8112,52.8857,35.1912,56.2734
54.300,69.5969,52.9744,-6.5033,-0.1758,0.2934,7.6454,-0.0278,7.6455,1.0919,0.0925,1.8112,90.1111,-90.2780,90.1032
54.350,74.6641,73.0596,-6.5086,-0.1760,0.2934,13.8760,-2.3144,14.0532,1.0919,0.0925,1.8111,59.0677,21.5522,59.7517
54.400,63.9855,65.2977,-6.5139,-0.1760,0.2934,13.2000,-0.8550,13.2258,1.0919,0.0925,1.8112,76.0685,41.1287,76.3723
54.450,59.8142,50.0877,-6.5195,-0.1761,0.2934,9.7402,0.0229,9.7402,1.0919,0.0924,1.8111,55.8187,-18.6599,56.4979
54.500,56.7073,59.1490,-6.5250,-0.1761,0.2934,11.2582,1.5030,11.3531,1.0919,0.0924,1.8112,103.7405,154.0207,103.6476
54.550,56.7938,72.1600,-6.5302,-0.1762,0.2934,11.3564,-1.1901,11.4154,1.0919,0.0924,1.8112,70.9412,23.0268,71.1290
54.600,46.6525,67.0692,-6.5356,-0.1762,0.2934,11.1811,1.3434,11.2575,1.0919,0.0924,1.8113,69.4086,-9.0499,69.4423
54.650,66.7248,51.8446,-6.5412,-0.1763,0.2934,8.9076,-0.8227,8.9443,1.0919,0.0924,1.8114,73.1363,-49.3367,74.0471
54.700,56.6589,66.9992,-6.5467,-0.1765,0.2934,13.6032,-0.4630,13.6105,1.0919,0.0924,1.8114,77.1337,-38.3841,77.3326
54.750,54.3421,63.5283,-6.5521,-0.1766,0.2935,12.1940,0.5779,12.2069,1.0919,0.0924,1.8115,57.9024,4.9910,57.9410
54.800,71.2504,66.4985,-6.5575,-0.1769,0.2934,13.3954,-0.7061,13.4126,1.0919,0.0925,1.8115,59.3527,-24.8131,60.2538
54.850,59.8246,76.3556,-6.5627,-0.1770,0.2934,12.8263,-1.4115,12.8987,1.0919,0.0925,1.8115,61.8672,-48.4450,65.3996
54.900,67.9231,62.3995,-6.5681,-0.1771,0.2934,10.3378,0.4099,10.3456,1.0919,0.0925,1.8116,86.1659,-42.7593,86.1733
54.950,71.7592,42.8805,-6.5739,-0.1772,0.2934,8.8109,-0.9118,8.8565,1.0919,0.0925,1.8116,98.4656,119.7107,98.1954
55.000,52.9999,65.7914,-6.5792,-0.1773,0.2934,12.3512,-0.2854,12.3543,1.0919,0.0926,1.8117,93.2132,-109.6064,93.1741
55.050,74.4524,59.4546,-6.5845,-0.1774,0.2934,10.3900,-0.6377,10.4087,1.0919,0.0927,1.8117,51.3385,-30.0819,54.0246
55.100,72.6368,59.1504,-6.5899,-0.1776,0.2935,11.2589,-0.0650,11.2590,1.0919,0.0927,1.8117,83.9828,-44.2679,84.0141
55.150,66.4615,58.2271,-6.5953,-0.1778,0.2935,11.6472,0.6759,11.6657,1.0919,0.0928,1.8116,70.7998,59.4490,73.3045
55.200,59.1159,54.3244,-6.6007,-0.1780,0.2936,9.7233,0.8175,9.7563,1.0919,0.0928,1.8116,88.9720,-86.5626,89.0150
55.250,61.2195,62.6035,-6.6060,-0.1783,0.2936,9.9569,1.0509,10.0100,1.0919,0.0928,1.8116,79.0475,-14.2241,79.0603
55.300,56.1079,61.1618,-6.6112,-0.1785,0.2935,11.5127,-1.2520,11.5770,1.0919,0.0928,1.8116,53.0608,22.5793,54.3356
55.350,70.8792,58.1788,-6.6166,-0.1788,0.2935,10.8396,0.0494,10.8397,1.0919,0.0928,1.8115,47.8658,-2.8060,47.8938
55.400,63.5892,59.5037,-6.6218,-0.1790,0.2935,9.5640,-1.2311,9.6401,1.0919,0.0927,1.8115,61.5167,-6.8514,61.5676
55.450,62.6174,63.1699,-6.6272,-0.1792,0.2936,11.4291,-0.0904,11.4295,1.0919,0.0927,1.8115,74.6274,1.2998,74.6277
55.500,59.3911,79.0853,-6.6322,-0.1793,0.2936,12.4908,-0.8324,12.5168,1.0919,0.0927,1.8115,59.6856,10.4281,59.8291
55.550,55.0068,63.7669,-6.6376,-0.1794,0.2937,10.6412,-0.1432,10.6422,1.0919,0.0927,1.8115,75.7142,-11.9475,75.7340
